mtllib wollemi_12u_deployed_textured.mtl
o part_0_Rail__1_1
usemtl aluminum
v 104.6500 104.6500 0.0000
v 104.6500 104.6500 340.5000
v 104.6500 113.1500 0.0000
v 104.6500 113.1500 340.5000
v 113.1500 104.6500 0.0000
v 113.1500 104.6500 340.5000
v 113.1500 113.1500 0.0000
v 113.1500 113.1500 340.5000
v 104.6500 104.6500 0.0000
v 113.1500 104.6500 0.0000
v 104.6500 104.6500 340.5000
v 113.1500 104.6500 340.5000
v 104.6500 113.1500 0.0000
v 113.1500 113.1500 0.0000
v 104.6500 113.1500 340.5000
v 113.1500 113.1500 340.5000
v 104.6500 104.6500 0.0000
v 104.6500 113.1500 0.0000
v 113.1500 104.6500 0.0000
v 113.1500 113.1500 0.0000
v 104.6500 104.6500 340.5000
v 104.6500 113.1500 340.5000
v 113.1500 104.6500 340.5000
v 113.1500 113.1500 340.5000
f 4 3 1
f 2 4 1
f 8 5 7
f 6 5 8
f 11 9 10
f 12 11 10
f 15 14 13
f 16 14 15
f 20 17 18
f 20 19 17
f 24 22 21
f 24 21 23
o part_1_Rail__1_1
usemtl aluminum
v 104.6500 -113.1500 0.0000
v 104.6500 -113.1500 340.5000
v 104.6500 -104.6500 0.0000
v 104.6500 -104.6500 340.5000
v 113.1500 -113.1500 0.0000
v 113.1500 -113.1500 340.5000
v 113.1500 -104.6500 0.0000
v 113.1500 -104.6500 340.5000
v 104.6500 -113.1500 0.0000
v 113.1500 -113.1500 0.0000
v 104.6500 -113.1500 340.5000
v 113.1500 -113.1500 340.5000
v 104.6500 -104.6500 0.0000
v 113.1500 -104.6500 0.0000
v 104.6500 -104.6500 340.5000
v 113.1500 -104.6500 340.5000
v 104.6500 -113.1500 0.0000
v 104.6500 -104.6500 0.0000
v 113.1500 -113.1500 0.0000
v 113.1500 -104.6500 0.0000
v 104.6500 -113.1500 340.5000
v 104.6500 -104.6500 340.5000
v 113.1500 -113.1500 340.5000
v 113.1500 -104.6500 340.5000
f 28 27 25
f 26 28 25
f 32 29 31
f 30 29 32
f 35 33 34
f 36 35 34
f 39 38 37
f 40 38 39
f 44 41 42
f 44 43 41
f 48 46 45
f 48 45 47
o part_2_Rail__1_1
usemtl aluminum
v -113.1500 104.6500 0.0000
v -113.1500 104.6500 340.5000
v -113.1500 113.1500 0.0000
v -113.1500 113.1500 340.5000
v -104.6500 104.6500 0.0000
v -104.6500 104.6500 340.5000
v -104.6500 113.1500 0.0000
v -104.6500 113.1500 340.5000
v -113.1500 104.6500 0.0000
v -104.6500 104.6500 0.0000
v -113.1500 104.6500 340.5000
v -104.6500 104.6500 340.5000
v -113.1500 113.1500 0.0000
v -104.6500 113.1500 0.0000
v -113.1500 113.1500 340.5000
v -104.6500 113.1500 340.5000
v -113.1500 104.6500 0.0000
v -113.1500 113.1500 0.0000
v -104.6500 104.6500 0.0000
v -104.6500 113.1500 0.0000
v -113.1500 104.6500 340.5000
v -113.1500 113.1500 340.5000
v -104.6500 104.6500 340.5000
v -104.6500 113.1500 340.5000
f 52 51 49
f 50 52 49
f 56 53 55
f 54 53 56
f 59 57 58
f 60 59 58
f 63 62 61
f 64 62 63
f 68 65 66
f 68 67 65
f 72 70 69
f 72 69 71
o part_3_Rail__1_1
usemtl aluminum
v -113.1500 -113.1500 0.0000
v -113.1500 -113.1500 340.5000
v -113.1500 -104.6500 0.0000
v -113.1500 -104.6500 340.5000
v -104.6500 -113.1500 0.0000
v -104.6500 -113.1500 340.5000
v -104.6500 -104.6500 0.0000
v -104.6500 -104.6500 340.5000
v -113.1500 -113.1500 0.0000
v -104.6500 -113.1500 0.0000
v -113.1500 -113.1500 340.5000
v -104.6500 -113.1500 340.5000
v -113.1500 -104.6500 0.0000
v -104.6500 -104.6500 0.0000
v -113.1500 -104.6500 340.5000
v -104.6500 -104.6500 340.5000
v -113.1500 -113.1500 0.0000
v -113.1500 -104.6500 0.0000
v -104.6500 -113.1500 0.0000
v -104.6500 -104.6500 0.0000
v -113.1500 -113.1500 340.5000
v -113.1500 -104.6500 340.5000
v -104.6500 -113.1500 340.5000
v -104.6500 -104.6500 340.5000
f 76 75 73
f 74 76 73
f 80 77 79
f 78 77 80
f 83 81 82
f 84 83 82
f 87 86 85
f 88 86 87
f 92 89 90
f 92 91 89
f 96 94 93
f 96 93 95
o part_4_Wall__X
usemtl mli_foil
v 110.1500 -104.6500 3.0000
v 110.1500 -104.6500 337.5000
v 110.1500 104.6500 3.0000
v 110.1500 104.6500 337.5000
v 113.1500 -104.6500 3.0000
v 113.1500 -104.6500 337.5000
v 113.1500 104.6500 3.0000
v 113.1500 104.6500 337.5000
v 110.1500 -104.6500 3.0000
v 113.1500 -104.6500 3.0000
v 110.1500 -104.6500 337.5000
v 113.1500 -104.6500 337.5000
v 110.1500 104.6500 3.0000
v 113.1500 104.6500 3.0000
v 110.1500 104.6500 337.5000
v 113.1500 104.6500 337.5000
v 110.1500 -104.6500 3.0000
v 110.1500 104.6500 3.0000
v 113.1500 -104.6500 3.0000
v 113.1500 104.6500 3.0000
v 110.1500 -104.6500 337.5000
v 110.1500 104.6500 337.5000
v 113.1500 -104.6500 337.5000
v 113.1500 104.6500 337.5000
f 98 99 97
f 98 100 99
f 102 101 103
f 102 103 104
f 108 105 106
f 108 107 105
f 112 110 109
f 112 109 111
f 116 113 114
f 116 115 113
f 120 118 117
f 120 117 119
o part_5_Wall__X
usemtl mli_foil
v -113.1500 -104.6500 3.0000
v -113.1500 -104.6500 337.5000
v -113.1500 104.6500 3.0000
v -113.1500 104.6500 337.5000
v -113.1500 -104.6500 3.0000
v -110.1500 -104.6500 3.0000
v -113.1500 -104.6500 337.5000
v -110.1500 -104.6500 337.5000
v -113.1500 -104.6500 337.5000
v -113.1500 104.6500 337.5000
v -110.1500 -104.6500 337.5000
v -110.1500 104.6500 337.5000
v -113.1500 104.6500 3.0000
v -110.1500 104.6500 3.0000
v -113.1500 104.6500 337.5000
v -110.1500 104.6500 337.5000
v -113.1500 -104.6500 3.0000
v -113.1500 104.6500 3.0000
v -110.1500 -104.6500 3.0000
v -110.1500 104.6500 3.0000
v -110.1500 -104.6500 3.0000
v -110.1500 -104.6500 337.5000
v -110.1500 104.6500 3.0000
v -110.1500 104.6500 337.5000
v -110.1500 -0.0000 159.2500
v -110.1500 2.6325 159.5696
v -110.1500 5.1120 160.5100
v -110.1500 7.2943 162.0164
v -110.1500 9.0528 164.0013
v -110.1500 10.2852 166.3493
v -110.1500 10.9198 168.9241
v -110.1500 10.9198 171.5759
v -110.1500 10.2852 174.1507
v -110.1500 9.0528 176.4987
v -110.1500 7.2943 178.4836
v -110.1500 5.1120 179.9900
v -110.1500 2.6325 180.9304
v -110.1500 0.0000 181.2500
v -110.1500 -2.6325 180.9304
v -110.1500 -5.1120 179.9900
v -110.1500 -7.2943 178.4836
v -110.1500 -9.0528 176.4987
v -110.1500 -10.2852 174.1507
v -110.1500 -10.9198 171.5759
v -110.1500 -10.9198 168.9241
v -110.1500 -10.2852 166.3493
v -110.1500 -9.0528 164.0013
v -110.1500 -7.2943 162.0164
v -110.1500 -5.1120 160.5100
v -110.1500 -2.6325 159.5696
v -110.1500 -0.0000 159.2500
v -110.1500 2.6325 159.5696
v -110.1500 5.1120 160.5100
v -110.1500 7.2943 162.0164
v -110.1500 9.0528 164.0013
v -110.1500 10.2852 166.3493
v -110.1500 10.9198 168.9241
v -110.1500 10.9198 171.5759
v -110.1500 10.2852 174.1507
v -110.1500 9.0528 176.4987
v -110.1500 7.2943 178.4836
v -110.1500 5.1120 179.9900
v -110.1500 2.6325 180.9304
v -110.1500 0.0000 181.2500
v -110.1500 -2.6325 180.9304
v -110.1500 -5.1120 179.9900
v -110.1500 -7.2943 178.4836
v -110.1500 -9.0528 176.4987
v -110.1500 -10.2852 174.1507
v -110.1500 -10.9198 171.5759
v -110.1500 -10.9198 168.9241
v -110.1500 -10.2852 166.3493
v -110.1500 -9.0528 164.0013
v -110.1500 -7.2943 162.0164
v -110.1500 -5.1120 160.5100
v -110.1500 -2.6325 159.5696
v -110.1500 -0.0000 159.2500
v -111.6500 -0.0000 159.2500
v -111.6500 -0.0000 159.2500
v -111.6500 2.6325 159.5696
v -111.6500 5.1120 160.5100
v -111.6500 7.2943 162.0164
v -111.6500 9.0528 164.0013
v -111.6500 10.2852 166.3493
v -111.6500 10.9198 168.9241
v -111.6500 10.9198 171.5759
v -111.6500 10.2852 174.1507
v -111.6500 9.0528 176.4987
v -111.6500 7.2943 178.4836
v -111.6500 5.1120 179.9900
v -111.6500 2.6325 180.9304
v -111.6500 0.0000 181.2500
v -111.6500 -2.6325 180.9304
v -111.6500 -5.1120 179.9900
v -111.6500 -7.2943 178.4836
v -111.6500 -9.0528 176.4987
v -111.6500 -10.2852 174.1507
v -111.6500 -10.9198 171.5759
v -111.6500 -10.9198 168.9241
v -111.6500 -10.2852 166.3493
v -111.6500 -9.0528 164.0013
v -111.6500 -7.2943 162.0164
v -111.6500 -5.1120 160.5100
v -111.6500 -2.6325 159.5696
v -111.6500 -0.0000 159.2500
v -111.6500 2.6325 159.5696
v -111.6500 5.1120 160.5100
v -111.6500 7.2943 162.0164
v -111.6500 9.0528 164.0013
v -111.6500 10.2852 166.3493
v -111.6500 10.9198 168.9241
v -111.6500 10.9198 171.5759
v -111.6500 10.2852 174.1507
v -111.6500 9.0528 176.4987
v -111.6500 7.2943 178.4836
v -111.6500 5.1120 179.9900
v -111.6500 2.6325 180.9304
v -111.6500 0.0000 181.2500
v -111.6500 -2.6325 180.9304
v -111.6500 -5.1120 179.9900
v -111.6500 -7.2943 178.4836
v -111.6500 -9.0528 176.4987
v -111.6500 -10.2852 174.1507
v -111.6500 -10.9198 171.5759
v -111.6500 -10.9198 168.9241
v -111.6500 -10.2852 166.3493
v -111.6500 -9.0528 164.0013
v -111.6500 -7.2943 162.0164
v -111.6500 -5.1120 160.5100
v -111.6500 -2.6325 159.5696
f 122 123 121
f 122 124 123
f 128 125 126
f 128 127 125
f 132 130 129
f 132 129 131
f 136 134 133
f 136 133 135
f 140 137 138
f 140 139 137
f 149 148 143
f 147 143 148
f 150 149 143
f 146 143 147
f 151 150 143
f 145 141 143
f 145 143 146
f 152 151 143
f 170 141 145
f 169 141 170
f 168 141 169
f 167 141 168
f 166 141 167
f 165 141 166
f 164 141 165
f 144 153 152
f 144 154 153
f 144 155 154
f 144 156 155
f 144 157 156
f 144 158 157
f 144 152 143
f 142 159 158
f 142 160 159
f 142 161 160
f 142 162 161
f 142 163 162
f 142 164 163
f 142 141 164
f 142 158 144
f 172 198 171
f 172 200 198
f 173 201 200
f 173 200 172
f 174 202 201
f 174 201 173
f 175 203 202
f 175 204 203
f 175 202 174
f 176 204 175
f 177 205 204
f 177 204 176
f 178 206 205
f 178 205 177
f 179 207 206
f 179 208 207
f 179 206 178
f 180 208 179
f 181 209 208
f 181 208 180
f 182 210 209
f 182 211 210
f 182 209 181
f 183 211 182
f 183 212 211
f 184 212 183
f 185 212 184
f 185 213 212
f 185 214 213
f 186 214 185
f 187 214 186
f 187 215 214
f 188 215 187
f 188 216 215
f 188 217 216
f 189 217 188
f 190 217 189
f 190 218 217
f 190 219 218
f 191 219 190
f 191 220 219
f 192 220 191
f 193 220 192
f 193 221 220
f 193 222 221
f 194 222 193
f 195 223 222
f 195 224 223
f 195 222 194
f 196 224 195
f 197 199 224
f 197 224 196
f 238 239 240
f 245 241 242
f 245 242 243
f 245 243 244
f 246 241 245
f 236 237 238
f 236 238 240
f 247 241 246
f 250 240 241
f 250 247 248
f 250 248 249
f 250 241 247
f 232 233 234
f 232 234 235
f 232 235 236
f 225 240 250
f 226 236 240
f 226 240 225
f 230 231 232
f 228 226 227
f 228 229 230
f 228 232 236
f 228 230 232
f 228 236 226
o part_6_Wall__Y
usemtl mli_foil
v -104.6500 110.1500 3.0000
v -104.6500 110.1500 337.5000
v -104.6500 113.1500 3.0000
v -104.6500 113.1500 337.5000
v 104.6500 110.1500 3.0000
v 104.6500 110.1500 337.5000
v 104.6500 113.1500 3.0000
v 104.6500 113.1500 337.5000
v -104.6500 110.1500 3.0000
v 104.6500 110.1500 3.0000
v -104.6500 110.1500 337.5000
v 104.6500 110.1500 337.5000
v -104.6500 113.1500 3.0000
v 104.6500 113.1500 3.0000
v -104.6500 113.1500 337.5000
v 104.6500 113.1500 337.5000
v -104.6500 110.1500 3.0000
v -104.6500 113.1500 3.0000
v 104.6500 110.1500 3.0000
v 104.6500 113.1500 3.0000
v -104.6500 110.1500 337.5000
v -104.6500 113.1500 337.5000
v 104.6500 110.1500 337.5000
v 104.6500 113.1500 337.5000
f 252 253 251
f 252 254 253
f 256 255 257
f 256 257 258
f 262 259 260
f 262 261 259
f 266 264 263
f 266 263 265
f 270 267 268
f 270 269 267
f 274 272 271
f 274 271 273
o part_7_Wall__Y
usemtl mli_foil
v -104.6500 -113.1500 3.0000
v -104.6500 -113.1500 337.5000
v -104.6500 -110.1500 3.0000
v -104.6500 -110.1500 337.5000
v 104.6500 -113.1500 3.0000
v 104.6500 -113.1500 337.5000
v 104.6500 -110.1500 3.0000
v 104.6500 -110.1500 337.5000
v -104.6500 -113.1500 3.0000
v 104.6500 -113.1500 3.0000
v -104.6500 -113.1500 337.5000
v 104.6500 -113.1500 337.5000
v -104.6500 -110.1500 3.0000
v 104.6500 -110.1500 3.0000
v -104.6500 -110.1500 337.5000
v 104.6500 -110.1500 337.5000
v -104.6500 -113.1500 3.0000
v -104.6500 -110.1500 3.0000
v 104.6500 -113.1500 3.0000
v 104.6500 -110.1500 3.0000
v -104.6500 -113.1500 337.5000
v -104.6500 -110.1500 337.5000
v 104.6500 -113.1500 337.5000
v 104.6500 -110.1500 337.5000
f 276 277 275
f 276 278 277
f 280 279 281
f 280 281 282
f 286 283 284
f 286 285 283
f 290 288 287
f 290 287 289
f 294 291 292
f 294 293 291
f 298 296 295
f 298 295 297
o part_8_Nadir_plate
usemtl aluminum
v -113.1500 -104.6500 0.0000
v -113.1500 -104.6500 3.0000
v -113.1500 104.6500 0.0000
v -113.1500 104.6500 3.0000
v -113.1500 -104.6500 0.0000
v -104.6500 -104.6500 0.0000
v -113.1500 -104.6500 3.0000
v -104.6500 -104.6500 3.0000
v -104.6500 104.6500 3.0000
v -113.1500 104.6500 3.0000
v -113.1500 -104.6500 3.0000
v -104.6500 -104.6500 3.0000
v -104.6500 -113.1500 3.0000
v 104.6500 -113.1500 3.0000
v 104.6500 -104.6500 3.0000
v 113.1500 -104.6500 3.0000
v 113.1500 104.6500 3.0000
v 104.6500 104.6500 3.0000
v 104.6500 113.1500 3.0000
v -104.6500 113.1500 3.0000
v -61.0000 -47.0000 3.0000
v -97.0000 -47.0000 3.0000
v -97.0000 -11.0000 3.0000
v -61.0000 -11.0000 3.0000
v -34.0000 6.5000 3.0000
v -54.0000 6.5000 3.0000
v -54.0000 26.5000 3.0000
v -34.0000 26.5000 3.0000
v -67.0000 9.5000 3.0000
v -101.0000 9.5000 3.0000
v -101.0000 43.5000 3.0000
v -67.0000 43.5000 3.0000
v -76.0000 58.5000 3.0000
v -102.0000 58.5000 3.0000
v -102.0000 84.5000 3.0000
v -76.0000 84.5000 3.0000
v 99.0000 54.0000 3.0000
v 97.6924 64.7692 3.0000
v 93.8455 74.9125 3.0000
v 87.6830 83.8405 3.0000
v 79.5629 91.0343 3.0000
v 69.9572 96.0757 3.0000
v 59.4242 98.6719 3.0000
v 48.5758 98.6719 3.0000
v 38.0428 96.0757 3.0000
v 28.4371 91.0343 3.0000
v 20.3170 83.8405 3.0000
v 14.1545 74.9125 3.0000
v 10.3076 64.7692 3.0000
v 9.0000 54.0000 3.0000
v 10.3076 43.2308 3.0000
v 14.1545 33.0875 3.0000
v 20.3170 24.1595 3.0000
v 28.4371 16.9657 3.0000
v 38.0428 11.9243 3.0000
v 48.5758 9.3281 3.0000
v 59.4242 9.3281 3.0000
v 69.9572 11.9243 3.0000
v 79.5629 16.9657 3.0000
v 87.6830 24.1595 3.0000
v 93.8455 33.0875 3.0000
v 97.6924 43.2308 3.0000
v -113.1500 104.6500 0.0000
v -113.1500 104.6500 3.0000
v -104.6500 104.6500 3.0000
v -104.6500 104.6500 0.0000
v -104.6500 104.6500 0.0000
v -113.1500 104.6500 0.0000
v -113.1500 -104.6500 0.0000
v -104.6500 -104.6500 0.0000
v -104.6500 -113.1500 0.0000
v 104.6500 -113.1500 0.0000
v 104.6500 -104.6500 0.0000
v 113.1500 -104.6500 0.0000
v 113.1500 104.6500 0.0000
v 104.6500 104.6500 0.0000
v 104.6500 113.1500 0.0000
v -104.6500 113.1500 0.0000
v -61.0000 -47.0000 0.0000
v -97.0000 -47.0000 0.0000
v -97.0000 -11.0000 0.0000
v -61.0000 -11.0000 0.0000
v -34.0000 6.5000 0.0000
v -54.0000 6.5000 0.0000
v -54.0000 26.5000 0.0000
v -34.0000 26.5000 0.0000
v -67.0000 9.5000 0.0000
v -101.0000 9.5000 0.0000
v -101.0000 43.5000 0.0000
v -67.0000 43.5000 0.0000
v -76.0000 58.5000 0.0000
v -102.0000 58.5000 0.0000
v -102.0000 84.5000 0.0000
v -76.0000 84.5000 0.0000
v 99.0000 54.0000 0.0000
v 97.6924 64.7692 0.0000
v 93.8455 74.9125 0.0000
v 87.6830 83.8405 0.0000
v 79.5629 91.0343 0.0000
v 69.9572 96.0757 0.0000
v 59.4242 98.6719 0.0000
v 48.5758 98.6719 0.0000
v 38.0428 96.0757 0.0000
v 28.4371 91.0343 0.0000
v 20.3170 83.8405 0.0000
v 14.1545 74.9125 0.0000
v 10.3076 64.7692 0.0000
v 9.0000 54.0000 0.0000
v 10.3076 43.2308 0.0000
v 14.1545 33.0875 0.0000
v 20.3170 24.1595 0.0000
v 28.4371 16.9657 0.0000
v 38.0428 11.9243 0.0000
v 48.5758 9.3281 0.0000
v 59.4242 9.3281 0.0000
v 69.9572 11.9243 0.0000
v 79.5629 16.9657 0.0000
v 87.6830 24.1595 0.0000
v 93.8455 33.0875 0.0000
v 97.6924 43.2308 0.0000
v -104.6500 -113.1500 3.0000
v -104.6500 -104.6500 3.0000
v -104.6500 -113.1500 0.0000
v -104.6500 -104.6500 0.0000
v -104.6500 104.6500 3.0000
v -104.6500 113.1500 3.0000
v -104.6500 104.6500 0.0000
v -104.6500 113.1500 0.0000
v -104.6500 113.1500 0.0000
v 104.6500 113.1500 0.0000
v -104.6500 113.1500 3.0000
v 104.6500 113.1500 3.0000
v 104.6500 104.6500 3.0000
v 104.6500 113.1500 3.0000
v 104.6500 104.6500 0.0000
v 104.6500 113.1500 0.0000
v 104.6500 104.6500 3.0000
v 104.6500 104.6500 0.0000
v 113.1500 104.6500 3.0000
v 113.1500 104.6500 0.0000
v -104.6500 -113.1500 0.0000
v 104.6500 -113.1500 0.0000
v -104.6500 -113.1500 3.0000
v 104.6500 -113.1500 3.0000
v 113.1500 -104.6500 0.0000
v 113.1500 -104.6500 3.0000
v 113.1500 104.6500 0.0000
v 113.1500 104.6500 3.0000
v 104.6500 -113.1500 3.0000
v 104.6500 -104.6500 3.0000
v 104.6500 -113.1500 0.0000
v 104.6500 -104.6500 0.0000
v 104.6500 -104.6500 0.0000
v 113.1500 -104.6500 0.0000
v 104.6500 -104.6500 3.0000
v 113.1500 -104.6500 3.0000
v -61.0000 -47.0000 0.0000
v -61.0000 -47.0000 3.0000
v -97.0000 -47.0000 0.0000
v -97.0000 -47.0000 3.0000
v -61.0000 -47.0000 0.0000
v -61.0000 -47.0000 3.0000
v -61.0000 -11.0000 0.0000
v -61.0000 -11.0000 3.0000
v -61.0000 -11.0000 0.0000
v -61.0000 -11.0000 3.0000
v -97.0000 -11.0000 0.0000
v -97.0000 -11.0000 3.0000
v -97.0000 -47.0000 0.0000
v -97.0000 -47.0000 3.0000
v -97.0000 -11.0000 0.0000
v -97.0000 -11.0000 3.0000
v -34.0000 6.5000 0.0000
v -34.0000 6.5000 3.0000
v -54.0000 6.5000 0.0000
v -54.0000 6.5000 3.0000
v -34.0000 6.5000 0.0000
v -34.0000 6.5000 3.0000
v -34.0000 26.5000 0.0000
v -34.0000 26.5000 3.0000
v -54.0000 6.5000 0.0000
v -54.0000 6.5000 3.0000
v -54.0000 26.5000 0.0000
v -54.0000 26.5000 3.0000
v -34.0000 26.5000 0.0000
v -34.0000 26.5000 3.0000
v -54.0000 26.5000 0.0000
v -54.0000 26.5000 3.0000
v -67.0000 9.5000 0.0000
v -67.0000 9.5000 3.0000
v -101.0000 9.5000 0.0000
v -101.0000 9.5000 3.0000
v -67.0000 9.5000 0.0000
v -67.0000 9.5000 3.0000
v -67.0000 43.5000 0.0000
v -67.0000 43.5000 3.0000
v -101.0000 9.5000 0.0000
v -101.0000 9.5000 3.0000
v -101.0000 43.5000 0.0000
v -101.0000 43.5000 3.0000
v -67.0000 43.5000 0.0000
v -67.0000 43.5000 3.0000
v -101.0000 43.5000 0.0000
v -101.0000 43.5000 3.0000
v -76.0000 58.5000 0.0000
v -76.0000 58.5000 3.0000
v -102.0000 58.5000 0.0000
v -102.0000 58.5000 3.0000
v -76.0000 58.5000 0.0000
v -76.0000 58.5000 3.0000
v -76.0000 84.5000 0.0000
v -76.0000 84.5000 3.0000
v -102.0000 58.5000 0.0000
v -102.0000 58.5000 3.0000
v -102.0000 84.5000 0.0000
v -102.0000 84.5000 3.0000
v -76.0000 84.5000 0.0000
v -76.0000 84.5000 3.0000
v -102.0000 84.5000 0.0000
v -102.0000 84.5000 3.0000
v 99.0000 54.0000 3.0000
v 97.6924 64.7692 3.0000
v 93.8455 74.9125 3.0000
v 87.6830 83.8405 3.0000
v 79.5629 91.0343 3.0000
v 69.9572 96.0757 3.0000
v 59.4242 98.6719 3.0000
v 48.5758 98.6719 3.0000
v 38.0428 96.0757 3.0000
v 28.4371 91.0343 3.0000
v 20.3170 83.8405 3.0000
v 14.1545 74.9125 3.0000
v 10.3076 64.7692 3.0000
v 9.0000 54.0000 3.0000
v 10.3076 43.2308 3.0000
v 14.1545 33.0875 3.0000
v 20.3170 24.1595 3.0000
v 28.4371 16.9657 3.0000
v 38.0428 11.9243 3.0000
v 48.5758 9.3281 3.0000
v 59.4242 9.3281 3.0000
v 69.9572 11.9243 3.0000
v 79.5629 16.9657 3.0000
v 87.6830 24.1595 3.0000
v 93.8455 33.0875 3.0000
v 97.6924 43.2308 3.0000
v 99.0000 54.0000 3.0000
v 99.0000 54.0000 0.0000
v 99.0000 54.0000 0.0000
v 97.6924 64.7692 0.0000
v 93.8455 74.9125 0.0000
v 87.6830 83.8405 0.0000
v 79.5629 91.0343 0.0000
v 69.9572 96.0757 0.0000
v 59.4242 98.6719 0.0000
v 48.5758 98.6719 0.0000
v 38.0428 96.0757 0.0000
v 28.4371 91.0343 0.0000
v 20.3170 83.8405 0.0000
v 14.1545 74.9125 0.0000
v 10.3076 64.7692 0.0000
v 9.0000 54.0000 0.0000
v 10.3076 43.2308 0.0000
v 14.1545 33.0875 0.0000
v 20.3170 24.1595 0.0000
v 28.4371 16.9657 0.0000
v 38.0428 11.9243 0.0000
v 48.5758 9.3281 0.0000
v 59.4242 9.3281 0.0000
v 69.9572 11.9243 0.0000
v 79.5629 16.9657 0.0000
v 87.6830 24.1595 0.0000
v 93.8455 33.0875 0.0000
v 97.6924 43.2308 0.0000
f 300 301 299
f 300 302 301
f 306 303 304
f 306 305 303
f 320 309 310
f 319 310 311
f 319 320 310
f 328 320 321
f 328 309 320
f 327 321 322
f 327 328 321
f 324 327 322
f 325 327 324
f 323 322 319
f 323 324 322
f 330 327 325
f 331 329 330
f 331 332 329
f 312 319 311
f 308 328 329
f 308 332 333
f 308 329 332
f 326 330 325
f 307 308 333
f 313 319 312
f 334 318 307
f 334 331 330
f 334 307 333
f 352 351 323
f 350 323 351
f 350 326 323
f 353 319 313
f 353 352 323
f 353 323 319
f 349 326 350
f 354 353 313
f 348 326 349
f 355 354 313
f 347 326 348
f 347 330 326
f 347 334 330
f 356 355 313
f 346 334 347
f 357 313 314
f 357 356 313
f 345 334 346
f 358 357 314
f 344 318 334
f 344 334 345
f 359 358 314
f 343 318 344
f 360 359 314
f 316 338 337
f 316 339 338
f 315 336 335
f 315 337 336
f 315 360 314
f 315 316 337
f 315 335 360
f 317 340 339
f 317 341 340
f 317 342 341
f 317 339 316
f 308 309 328
f 317 318 342
f 342 318 343
f 363 361 362
f 363 364 361
f 378 368 367
f 377 369 368
f 377 368 378
f 386 379 378
f 386 378 367
f 385 380 379
f 385 379 386
f 382 380 385
f 383 382 385
f 381 377 380
f 381 380 382
f 388 383 385
f 389 388 387
f 389 387 390
f 370 369 377
f 366 387 386
f 366 391 390
f 366 390 387
f 384 383 388
f 365 391 366
f 371 370 377
f 392 365 376
f 392 388 389
f 392 391 365
f 410 381 409
f 408 409 381
f 408 381 384
f 411 371 377
f 411 381 410
f 411 377 381
f 407 408 384
f 412 371 411
f 406 407 384
f 413 371 412
f 405 406 384
f 405 384 388
f 405 388 392
f 414 371 413
f 404 405 392
f 415 372 371
f 415 371 414
f 403 404 392
f 416 372 415
f 402 392 376
f 402 403 392
f 417 372 416
f 401 402 376
f 418 372 417
f 374 395 396
f 374 396 397
f 373 393 394
f 373 394 395
f 373 372 418
f 373 395 374
f 373 418 393
f 375 397 398
f 375 398 399
f 375 399 400
f 375 374 397
f 366 386 367
f 375 400 376
f 400 401 376
f 419 422 421
f 419 420 422
f 423 426 425
f 423 424 426
f 430 428 427
f 430 427 429
f 431 433 434
f 431 434 432
f 437 436 435
f 437 438 436
f 442 439 440
f 442 441 439
f 444 443 445
f 444 445 446
f 447 449 450
f 447 450 448
f 454 451 452
f 454 453 451
f 455 457 458
f 456 455 458
f 459 462 461
f 460 462 459
f 463 466 465
f 464 466 463
f 467 469 470
f 468 467 470
f 472 471 473
f 472 473 474
f 476 477 475
f 476 478 477
f 480 479 481
f 480 481 482
f 484 485 483
f 484 486 485
f 488 487 489
f 488 489 490
f 492 493 491
f 492 494 493
f 496 495 497
f 496 497 498
f 500 501 499
f 500 502 501
f 504 503 505
f 504 505 506
f 508 509 507
f 508 510 509
f 512 511 513
f 512 513 514
f 516 517 515
f 516 518 517
f 520 546 519
f 520 548 546
f 521 549 548
f 521 550 549
f 521 548 520
f 522 550 521
f 523 551 550
f 523 552 551
f 523 550 522
f 524 552 523
f 525 553 552
f 525 552 524
f 526 554 553
f 526 553 525
f 527 555 554
f 527 556 555
f 527 554 526
f 528 556 527
f 529 557 556
f 529 556 528
f 530 558 557
f 530 559 558
f 530 557 529
f 531 559 530
f 531 560 559
f 532 560 531
f 533 560 532
f 533 561 560
f 533 562 561
f 534 562 533
f 535 562 534
f 535 563 562
f 536 563 535
f 536 564 563
f 536 565 564
f 537 565 536
f 538 565 537
f 538 566 565
f 538 567 566
f 539 567 538
f 539 568 567
f 540 568 539
f 541 568 540
f 541 569 568
f 541 570 569
f 542 570 541
f 543 571 570
f 543 572 571
f 543 570 542
f 544 572 543
f 545 547 572
f 545 572 544
o part_9_Zenith_plate
usemtl aluminum
v -113.1500 -104.6500 337.5000
v -113.1500 -104.6500 340.5000
v -113.1500 104.6500 337.5000
v -113.1500 104.6500 340.5000
v -113.1500 -104.6500 337.5000
v -104.6500 -104.6500 337.5000
v -113.1500 -104.6500 340.5000
v -104.6500 -104.6500 340.5000
v -104.6500 104.6500 340.5000
v -113.1500 104.6500 340.5000
v -113.1500 -104.6500 340.5000
v -104.6500 -104.6500 340.5000
v -104.6500 -113.1500 340.5000
v 104.6500 -113.1500 340.5000
v 104.6500 -104.6500 340.5000
v 113.1500 -104.6500 340.5000
v 113.1500 104.6500 340.5000
v 104.6500 104.6500 340.5000
v 104.6500 113.1500 340.5000
v -104.6500 113.1500 340.5000
v -35.5000 -110.0000 340.5000
v -67.5000 -110.0000 340.5000
v -67.5000 -78.0000 340.5000
v -35.5000 -78.0000 340.5000
v -62.0000 4.5000 340.5000
v -106.0000 4.5000 340.5000
v -106.0000 48.5000 340.5000
v -62.0000 48.5000 340.5000
v -113.1500 104.6500 337.5000
v -113.1500 104.6500 340.5000
v -104.6500 104.6500 340.5000
v -104.6500 104.6500 337.5000
v -104.6500 104.6500 337.5000
v -113.1500 104.6500 337.5000
v -113.1500 -104.6500 337.5000
v -104.6500 -104.6500 337.5000
v -104.6500 -113.1500 337.5000
v 104.6500 -113.1500 337.5000
v 104.6500 -104.6500 337.5000
v 113.1500 -104.6500 337.5000
v 113.1500 104.6500 337.5000
v 104.6500 104.6500 337.5000
v 104.6500 113.1500 337.5000
v -104.6500 113.1500 337.5000
v -35.5000 -110.0000 337.5000
v -67.5000 -110.0000 337.5000
v -67.5000 -78.0000 337.5000
v -35.5000 -78.0000 337.5000
v -62.0000 4.5000 337.5000
v -106.0000 4.5000 337.5000
v -106.0000 48.5000 337.5000
v -62.0000 48.5000 337.5000
v -104.6500 -113.1500 340.5000
v -104.6500 -104.6500 340.5000
v -104.6500 -113.1500 337.5000
v -104.6500 -104.6500 337.5000
v -104.6500 104.6500 340.5000
v -104.6500 113.1500 340.5000
v -104.6500 104.6500 337.5000
v -104.6500 113.1500 337.5000
v -104.6500 113.1500 337.5000
v 104.6500 113.1500 337.5000
v -104.6500 113.1500 340.5000
v 104.6500 113.1500 340.5000
v 104.6500 104.6500 340.5000
v 104.6500 113.1500 340.5000
v 104.6500 104.6500 337.5000
v 104.6500 113.1500 337.5000
v 104.6500 104.6500 340.5000
v 104.6500 104.6500 337.5000
v 113.1500 104.6500 340.5000
v 113.1500 104.6500 337.5000
v -104.6500 -113.1500 337.5000
v 104.6500 -113.1500 337.5000
v -104.6500 -113.1500 340.5000
v 104.6500 -113.1500 340.5000
v 113.1500 -104.6500 337.5000
v 113.1500 -104.6500 340.5000
v 113.1500 104.6500 337.5000
v 113.1500 104.6500 340.5000
v 104.6500 -113.1500 340.5000
v 104.6500 -104.6500 340.5000
v 104.6500 -113.1500 337.5000
v 104.6500 -104.6500 337.5000
v 104.6500 -104.6500 337.5000
v 113.1500 -104.6500 337.5000
v 104.6500 -104.6500 340.5000
v 113.1500 -104.6500 340.5000
v -35.5000 -110.0000 337.5000
v -35.5000 -110.0000 340.5000
v -67.5000 -110.0000 337.5000
v -67.5000 -110.0000 340.5000
v -35.5000 -110.0000 337.5000
v -35.5000 -110.0000 340.5000
v -35.5000 -78.0000 337.5000
v -35.5000 -78.0000 340.5000
v -35.5000 -78.0000 337.5000
v -35.5000 -78.0000 340.5000
v -67.5000 -78.0000 337.5000
v -67.5000 -78.0000 340.5000
v -67.5000 -110.0000 337.5000
v -67.5000 -110.0000 340.5000
v -67.5000 -78.0000 337.5000
v -67.5000 -78.0000 340.5000
v -62.0000 4.5000 337.5000
v -62.0000 4.5000 340.5000
v -106.0000 4.5000 337.5000
v -106.0000 4.5000 340.5000
v -62.0000 4.5000 337.5000
v -62.0000 4.5000 340.5000
v -62.0000 48.5000 337.5000
v -62.0000 48.5000 340.5000
v -106.0000 4.5000 337.5000
v -106.0000 4.5000 340.5000
v -106.0000 48.5000 337.5000
v -106.0000 48.5000 340.5000
v -62.0000 48.5000 337.5000
v -62.0000 48.5000 340.5000
v -106.0000 48.5000 337.5000
v -106.0000 48.5000 340.5000
f 574 575 573
f 574 576 575
f 580 577 578
f 580 579 577
f 594 584 585
f 593 594 585
f 595 583 584
f 595 584 594
f 598 583 595
f 597 595 596
f 597 598 595
f 581 599 600
f 581 582 599
f 587 596 593
f 587 597 596
f 587 593 586
f 592 581 600
f 590 587 588
f 590 600 597
f 590 597 587
f 589 590 588
f 591 600 590
f 591 592 600
f 582 583 598
f 582 598 599
f 585 586 593
f 603 601 602
f 603 604 601
f 618 609 608
f 617 609 618
f 619 608 607
f 619 618 608
f 622 619 607
f 621 620 619
f 621 619 622
f 605 624 623
f 605 623 606
f 611 617 620
f 611 620 621
f 611 610 617
f 616 624 605
f 614 612 611
f 614 621 624
f 614 611 621
f 613 612 614
f 615 614 624
f 615 624 616
f 606 622 607
f 606 623 622
f 609 617 610
f 625 628 627
f 625 626 628
f 629 632 631
f 629 630 632
f 636 634 633
f 636 633 635
f 637 639 640
f 637 640 638
f 643 642 641
f 643 644 642
f 648 645 646
f 648 647 645
f 650 649 651
f 650 651 652
f 653 655 656
f 653 656 654
f 660 657 658
f 660 659 657
f 662 661 663
f 662 663 664
f 666 667 665
f 666 668 667
f 670 671 669
f 670 672 671
f 674 673 675
f 674 675 676
f 677 679 680
f 678 677 680
f 681 684 683
f 682 684 681
f 685 687 688
f 686 685 688
f 689 692 691
f 690 692 689
o part_10_GNSS_patch_antenna
usemtl aluminum
v -90.0000 -90.0000 340.5000
v -90.0000 -90.0000 344.5000
v -90.0000 -50.0000 340.5000
v -90.0000 -50.0000 344.5000
v -50.0000 -90.0000 340.5000
v -50.0000 -90.0000 344.5000
v -50.0000 -50.0000 340.5000
v -50.0000 -50.0000 344.5000
v -90.0000 -90.0000 340.5000
v -50.0000 -90.0000 340.5000
v -90.0000 -90.0000 344.5000
v -50.0000 -90.0000 344.5000
v -90.0000 -50.0000 340.5000
v -50.0000 -50.0000 340.5000
v -90.0000 -50.0000 344.5000
v -50.0000 -50.0000 344.5000
v -90.0000 -90.0000 340.5000
v -90.0000 -50.0000 340.5000
v -50.0000 -90.0000 340.5000
v -50.0000 -50.0000 340.5000
v -90.0000 -90.0000 344.5000
v -90.0000 -50.0000 344.5000
v -50.0000 -90.0000 344.5000
v -50.0000 -50.0000 344.5000
f 694 695 693
f 694 696 695
f 698 697 699
f 698 699 700
f 704 701 702
f 704 703 701
f 708 706 705
f 708 705 707
f 712 709 710
f 712 711 709
f 716 714 713
f 716 713 715
o part_11_S_band_patch_antenna
usemtl aluminum
v 30.0000 -90.0000 340.5000
v 30.0000 -90.0000 344.5000
v 30.0000 -30.0000 340.5000
v 30.0000 -30.0000 344.5000
v 90.0000 -90.0000 340.5000
v 90.0000 -90.0000 344.5000
v 90.0000 -30.0000 340.5000
v 90.0000 -30.0000 344.5000
v 30.0000 -90.0000 340.5000
v 90.0000 -90.0000 340.5000
v 30.0000 -90.0000 344.5000
v 90.0000 -90.0000 344.5000
v 30.0000 -30.0000 340.5000
v 90.0000 -30.0000 340.5000
v 30.0000 -30.0000 344.5000
v 90.0000 -30.0000 344.5000
v 30.0000 -90.0000 340.5000
v 30.0000 -30.0000 340.5000
v 90.0000 -90.0000 340.5000
v 90.0000 -30.0000 340.5000
v 30.0000 -90.0000 344.5000
v 30.0000 -30.0000 344.5000
v 90.0000 -90.0000 344.5000
v 90.0000 -30.0000 344.5000
f 718 719 717
f 718 720 719
f 722 721 723
f 722 723 724
f 728 725 726
f 728 727 725
f 732 730 729
f 732 729 731
f 736 733 734
f 736 735 733
f 740 738 737
f 740 737 739
o part_12_Backplane_strip_Q1
usemtl aluminum
v 1.5000 11.5000 5.0000
v 1.5000 11.5000 335.0000
v 1.5000 101.5000 5.0000
v 1.5000 101.5000 335.0000
v 3.1000 11.5000 5.0000
v 3.1000 11.5000 335.0000
v 3.1000 101.5000 5.0000
v 3.1000 101.5000 335.0000
v 1.5000 11.5000 5.0000
v 3.1000 11.5000 5.0000
v 1.5000 11.5000 335.0000
v 3.1000 11.5000 335.0000
v 1.5000 101.5000 5.0000
v 3.1000 101.5000 5.0000
v 1.5000 101.5000 335.0000
v 3.1000 101.5000 335.0000
v 1.5000 11.5000 5.0000
v 1.5000 101.5000 5.0000
v 3.1000 11.5000 5.0000
v 3.1000 101.5000 5.0000
v 1.5000 11.5000 335.0000
v 1.5000 101.5000 335.0000
v 3.1000 11.5000 335.0000
v 3.1000 101.5000 335.0000
f 742 743 741
f 742 744 743
f 746 745 747
f 746 747 748
f 751 749 750
f 752 751 750
f 755 754 753
f 756 754 755
f 760 757 758
f 760 759 757
f 764 762 761
f 764 761 763
o part_13_Backplane_strip_Q2
usemtl aluminum
v -3.1000 11.5000 5.0000
v -3.1000 11.5000 335.0000
v -3.1000 101.5000 5.0000
v -3.1000 101.5000 335.0000
v -1.5000 11.5000 5.0000
v -1.5000 11.5000 335.0000
v -1.5000 101.5000 5.0000
v -1.5000 101.5000 335.0000
v -3.1000 11.5000 5.0000
v -1.5000 11.5000 5.0000
v -3.1000 11.5000 335.0000
v -1.5000 11.5000 335.0000
v -3.1000 101.5000 5.0000
v -1.5000 101.5000 5.0000
v -3.1000 101.5000 335.0000
v -1.5000 101.5000 335.0000
v -3.1000 11.5000 5.0000
v -3.1000 101.5000 5.0000
v -1.5000 11.5000 5.0000
v -1.5000 101.5000 5.0000
v -3.1000 11.5000 335.0000
v -3.1000 101.5000 335.0000
v -1.5000 11.5000 335.0000
v -1.5000 101.5000 335.0000
f 766 767 765
f 766 768 767
f 770 769 771
f 770 771 772
f 775 773 774
f 776 775 774
f 779 778 777
f 780 778 779
f 784 781 782
f 784 783 781
f 788 786 785
f 788 785 787
o part_14_Backplane_strip_Q3
usemtl aluminum
v -3.1000 -101.5000 5.0000
v -3.1000 -101.5000 335.0000
v -3.1000 -11.5000 5.0000
v -3.1000 -11.5000 335.0000
v -1.5000 -101.5000 5.0000
v -1.5000 -101.5000 335.0000
v -1.5000 -11.5000 5.0000
v -1.5000 -11.5000 335.0000
v -3.1000 -101.5000 5.0000
v -1.5000 -101.5000 5.0000
v -3.1000 -101.5000 335.0000
v -1.5000 -101.5000 335.0000
v -3.1000 -11.5000 5.0000
v -1.5000 -11.5000 5.0000
v -3.1000 -11.5000 335.0000
v -1.5000 -11.5000 335.0000
v -3.1000 -101.5000 5.0000
v -3.1000 -11.5000 5.0000
v -1.5000 -101.5000 5.0000
v -1.5000 -11.5000 5.0000
v -3.1000 -101.5000 335.0000
v -3.1000 -11.5000 335.0000
v -1.5000 -101.5000 335.0000
v -1.5000 -11.5000 335.0000
f 790 791 789
f 790 792 791
f 794 793 795
f 794 795 796
f 799 797 798
f 800 799 798
f 803 802 801
f 804 802 803
f 808 805 806
f 808 807 805
f 812 810 809
f 812 809 811
o part_15_Backplane_strip_Q4
usemtl aluminum
v 1.5000 -101.5000 5.0000
v 1.5000 -101.5000 335.0000
v 1.5000 -11.5000 5.0000
v 1.5000 -11.5000 335.0000
v 3.1000 -101.5000 5.0000
v 3.1000 -101.5000 335.0000
v 3.1000 -11.5000 5.0000
v 3.1000 -11.5000 335.0000
v 1.5000 -101.5000 5.0000
v 3.1000 -101.5000 5.0000
v 1.5000 -101.5000 335.0000
v 3.1000 -101.5000 335.0000
v 1.5000 -11.5000 5.0000
v 3.1000 -11.5000 5.0000
v 1.5000 -11.5000 335.0000
v 3.1000 -11.5000 335.0000
v 1.5000 -101.5000 5.0000
v 1.5000 -11.5000 5.0000
v 3.1000 -101.5000 5.0000
v 3.1000 -11.5000 5.0000
v 1.5000 -101.5000 335.0000
v 1.5000 -11.5000 335.0000
v 3.1000 -101.5000 335.0000
v 3.1000 -11.5000 335.0000
f 814 815 813
f 814 816 815
f 818 817 819
f 818 819 820
f 823 821 822
f 824 823 822
f 827 826 825
f 828 826 827
f 832 829 830
f 832 831 829
f 836 834 833
f 836 833 835
o part_16_Spine_tube
usemtl aluminum
v -20.0000 -20.0000 3.0000
v -20.0000 -20.0000 337.5000
v -20.0000 20.0000 3.0000
v -20.0000 20.0000 337.5000
v -20.0000 -20.0000 3.0000
v 20.0000 -20.0000 3.0000
v -20.0000 -20.0000 337.5000
v 20.0000 -20.0000 337.5000
v -20.0000 -20.0000 337.5000
v -20.0000 20.0000 337.5000
v 20.0000 -20.0000 337.5000
v 20.0000 20.0000 337.5000
v 18.0000 -18.0000 337.5000
v -18.0000 -18.0000 337.5000
v -18.0000 18.0000 337.5000
v 18.0000 18.0000 337.5000
v -20.0000 20.0000 3.0000
v 20.0000 20.0000 3.0000
v -20.0000 20.0000 337.5000
v 20.0000 20.0000 337.5000
v -20.0000 -20.0000 3.0000
v -20.0000 20.0000 3.0000
v 20.0000 -20.0000 3.0000
v 20.0000 20.0000 3.0000
v 18.0000 -18.0000 3.0000
v -18.0000 -18.0000 3.0000
v -18.0000 18.0000 3.0000
v 18.0000 18.0000 3.0000
v 20.0000 -20.0000 3.0000
v 20.0000 -20.0000 337.5000
v 20.0000 20.0000 3.0000
v 20.0000 20.0000 337.5000
v 18.0000 -18.0000 3.0000
v 18.0000 -18.0000 337.5000
v -18.0000 -18.0000 3.0000
v -18.0000 -18.0000 337.5000
v 18.0000 -18.0000 3.0000
v 18.0000 -18.0000 337.5000
v 18.0000 18.0000 3.0000
v 18.0000 18.0000 337.5000
v 18.0000 18.0000 3.0000
v 18.0000 18.0000 337.5000
v -18.0000 18.0000 3.0000
v -18.0000 18.0000 337.5000
v -18.0000 -18.0000 3.0000
v -18.0000 -18.0000 337.5000
v -18.0000 18.0000 3.0000
v -18.0000 18.0000 337.5000
f 838 839 837
f 838 840 839
f 844 841 842
f 844 843 841
f 847 849 850
f 847 850 845
f 851 846 845
f 851 845 850
f 848 852 849
f 848 849 847
f 848 846 851
f 848 851 852
f 856 854 853
f 856 853 855
f 859 862 861
f 859 857 862
f 863 857 858
f 863 862 857
f 860 861 864
f 860 859 861
f 860 863 858
f 860 864 863
f 866 865 867
f 866 867 868
f 870 869 871
f 870 871 872
f 874 875 873
f 874 876 875
f 878 879 877
f 878 880 879
f 882 881 883
f 882 883 884
o part_17_Bulkhead_X
usemtl aluminum
v -1.5000 -110.1500 337.5000
v -1.5000 -20.0000 337.5000
v -1.5000 -110.1500 3.0000
v -1.5000 -20.0000 3.0000
v -1.5000 -110.1500 337.5000
v -1.5000 -20.0000 337.5000
v 1.5000 -110.1500 337.5000
v 1.5000 -20.0000 337.5000
v -1.5000 -20.0000 3.0000
v 1.5000 -20.0000 3.0000
v -1.5000 -20.0000 337.5000
v 1.5000 -20.0000 337.5000
v -1.5000 -110.1500 3.0000
v -1.5000 -20.0000 3.0000
v 1.5000 -110.1500 3.0000
v 1.5000 -20.0000 3.0000
v -1.5000 -110.1500 3.0000
v 1.5000 -110.1500 3.0000
v -1.5000 -110.1500 337.5000
v 1.5000 -110.1500 337.5000
v 1.5000 -110.1500 337.5000
v 1.5000 -20.0000 337.5000
v 1.5000 -110.1500 3.0000
v 1.5000 -20.0000 3.0000
v -1.5000 20.0000 337.5000
v -1.5000 110.1500 337.5000
v -1.5000 20.0000 3.0000
v -1.5000 110.1500 3.0000
v -1.5000 20.0000 337.5000
v -1.5000 110.1500 337.5000
v 1.5000 20.0000 337.5000
v 1.5000 110.1500 337.5000
v -1.5000 110.1500 3.0000
v 1.5000 110.1500 3.0000
v -1.5000 110.1500 337.5000
v 1.5000 110.1500 337.5000
v -1.5000 20.0000 3.0000
v -1.5000 110.1500 3.0000
v 1.5000 20.0000 3.0000
v 1.5000 110.1500 3.0000
v -1.5000 20.0000 3.0000
v 1.5000 20.0000 3.0000
v -1.5000 20.0000 337.5000
v 1.5000 20.0000 337.5000
v 1.5000 20.0000 337.5000
v 1.5000 110.1500 337.5000
v 1.5000 20.0000 3.0000
v 1.5000 110.1500 3.0000
f 885 888 887
f 885 886 888
f 890 889 891
f 892 890 891
f 896 894 893
f 896 893 895
f 898 899 897
f 900 899 898
f 904 901 902
f 904 903 901
f 905 907 908
f 905 908 906
f 910 912 911
f 909 910 911
f 916 914 913
f 916 913 915
f 920 918 917
f 920 917 919
f 924 921 922
f 924 923 921
f 928 925 926
f 928 927 925
f 930 931 932
f 929 931 930
o part_18_Bulkhead_Y_
usemtl aluminum
v 20.0000 -1.5000 3.0000
v 110.1500 -1.5000 3.0000
v 20.0000 -1.5000 337.5000
v 110.1500 -1.5000 337.5000
v 20.0000 1.5000 3.0000
v 110.1500 1.5000 3.0000
v 20.0000 -1.5000 3.0000
v 110.1500 -1.5000 3.0000
v 110.1500 -1.5000 3.0000
v 110.1500 -1.5000 337.5000
v 110.1500 1.5000 3.0000
v 110.1500 1.5000 337.5000
v 20.0000 1.5000 337.5000
v 110.1500 1.5000 337.5000
v 20.0000 -1.5000 337.5000
v 110.1500 -1.5000 337.5000
v 20.0000 -1.5000 337.5000
v 20.0000 1.5000 337.5000
v 20.0000 -1.5000 3.0000
v 20.0000 1.5000 3.0000
v 20.0000 1.5000 3.0000
v 110.1500 1.5000 3.0000
v 20.0000 1.5000 337.5000
v 110.1500 1.5000 337.5000
f 936 933 934
f 936 935 933
f 938 939 937
f 938 940 939
f 942 941 943
f 942 943 944
f 946 945 947
f 946 947 948
f 949 952 951
f 949 950 952
f 956 954 953
f 956 953 955
o part_19_Bulkhead_Y_
usemtl aluminum
v -110.1500 -1.5000 3.0000
v -110.1500 -1.5000 121.7732
v -110.1500 1.5000 3.0000
v -110.1500 1.5000 121.7732
v -110.1500 -0.5001 121.7526
v -110.1500 0.5001 121.7526
v -110.1500 -1.5000 121.7732
v -110.1500 -0.5001 121.7526
v -110.1500 0.5001 121.7526
v -110.1500 1.5000 121.7732
v -20.0000 1.5000 121.7732
v -20.0000 -1.5000 121.7732
v -20.0000 -0.5001 121.7526
v -20.0000 0.5001 121.7526
v -20.0000 -1.5000 121.7732
v -20.0000 -0.5001 121.7526
v -20.0000 0.5001 121.7526
v -20.0000 1.5000 121.7732
v -20.0000 -1.5000 3.0000
v -20.0000 1.5000 3.0000
v -110.1500 1.5000 3.0000
v -20.0000 1.5000 3.0000
v -110.1500 1.5000 121.7732
v -20.0000 1.5000 121.7732
v -110.1500 1.5000 3.0000
v -20.0000 1.5000 3.0000
v -110.1500 -1.5000 3.0000
v -20.0000 -1.5000 3.0000
v -110.1500 -1.5000 3.0000
v -20.0000 -1.5000 3.0000
v -110.1500 -1.5000 121.7732
v -20.0000 -1.5000 121.7732
v -110.1500 -1.5000 218.7268
v -110.1500 -1.5000 337.5000
v -110.1500 1.5000 218.7268
v -110.1500 0.5001 218.7474
v -110.1500 -0.5001 218.7474
v -110.1500 1.5000 337.5000
v -110.1500 1.5000 218.7268
v -20.0000 1.5000 218.7268
v -110.1500 0.5001 218.7474
v -110.1500 -0.5001 218.7474
v -110.1500 -1.5000 218.7268
v -20.0000 -1.5000 218.7268
v -20.0000 0.5001 218.7474
v -20.0000 -0.5001 218.7474
v -20.0000 -1.5000 337.5000
v -20.0000 1.5000 337.5000
v -20.0000 -1.5000 218.7268
v -20.0000 1.5000 218.7268
v -20.0000 0.5001 218.7474
v -20.0000 -0.5001 218.7474
v -110.1500 1.5000 218.7268
v -20.0000 1.5000 218.7268
v -110.1500 1.5000 337.5000
v -20.0000 1.5000 337.5000
v -110.1500 1.5000 337.5000
v -20.0000 1.5000 337.5000
v -110.1500 -1.5000 337.5000
v -20.0000 -1.5000 337.5000
v -110.1500 -1.5000 218.7268
v -20.0000 -1.5000 218.7268
v -110.1500 -1.5000 337.5000
v -20.0000 -1.5000 337.5000
f 962 959 957
f 962 960 959
f 961 962 957
f 958 961 957
f 968 964 963
f 969 964 968
f 970 965 964
f 970 964 969
f 967 966 965
f 967 965 970
f 973 975 976
f 973 976 974
f 972 975 973
f 971 975 972
f 980 978 977
f 980 977 979
f 984 983 981
f 982 984 981
f 988 985 986
f 988 987 985
f 994 991 992
f 990 992 993
f 990 993 989
f 990 994 992
f 1001 995 996
f 1001 997 995
f 1002 998 997
f 1002 999 998
f 1002 997 1001
f 1000 999 1002
f 1004 1007 1006
f 1003 1008 1007
f 1003 1005 1008
f 1003 1007 1004
f 1012 1010 1009
f 1012 1009 1011
f 1016 1013 1015
f 1014 1013 1016
f 1020 1017 1018
f 1020 1019 1017
o part_20_Thruster_nozzle
usemtl aluminum
v -112.6500 -0.0000 179.2500
v -112.6500 2.1538 178.9885
v -112.6500 4.1825 178.2191
v -112.6500 5.9681 176.9866
v -112.6500 7.4069 175.3626
v -112.6500 8.4151 173.4414
v -112.6500 8.9344 171.3348
v -112.6500 8.9344 169.1652
v -112.6500 8.4151 167.0586
v -112.6500 7.4069 165.1374
v -112.6500 5.9681 163.5134
v -112.6500 4.1825 162.2809
v -112.6500 2.1538 161.5115
v -112.6500 0.0000 161.2500
v -112.6500 -2.1538 161.5115
v -112.6500 -4.1825 162.2809
v -112.6500 -5.9681 163.5134
v -112.6500 -7.4069 165.1374
v -112.6500 -8.4151 167.0586
v -112.6500 -8.9344 169.1652
v -112.6500 -8.9344 171.3348
v -112.6500 -8.4151 173.4414
v -112.6500 -7.4069 175.3626
v -112.6500 -5.9681 176.9866
v -112.6500 -4.1825 178.2191
v -112.6500 -2.1538 178.9885
v -112.6500 -0.0000 179.2500
v -109.6500 -0.0000 179.2500
v -109.6500 -0.0000 179.2500
v -109.6500 2.1538 178.9885
v -109.6500 4.1825 178.2191
v -109.6500 5.9681 176.9866
v -109.6500 7.4069 175.3626
v -109.6500 8.4151 173.4414
v -109.6500 8.9344 171.3348
v -109.6500 8.9344 169.1652
v -109.6500 8.4151 167.0586
v -109.6500 7.4069 165.1374
v -109.6500 5.9681 163.5134
v -109.6500 4.1825 162.2809
v -109.6500 2.1538 161.5115
v -109.6500 0.0000 161.2500
v -109.6500 -2.1538 161.5115
v -109.6500 -4.1825 162.2809
v -109.6500 -5.9681 163.5134
v -109.6500 -7.4069 165.1374
v -109.6500 -8.4151 167.0586
v -109.6500 -8.9344 169.1652
v -109.6500 -8.9344 171.3348
v -109.6500 -8.4151 173.4414
v -109.6500 -7.4069 175.3626
v -109.6500 -5.9681 176.9866
v -109.6500 -4.1825 178.2191
v -109.6500 -2.1538 178.9885
v -112.6500 -0.0000 179.2500
v -112.6500 2.1538 178.9885
v -112.6500 4.1825 178.2191
v -112.6500 5.9681 176.9866
v -112.6500 7.4069 175.3626
v -112.6500 8.4151 173.4414
v -112.6500 8.9344 171.3348
v -112.6500 8.9344 169.1652
v -112.6500 8.4151 167.0586
v -112.6500 7.4069 165.1374
v -112.6500 5.9681 163.5134
v -112.6500 4.1825 162.2809
v -112.6500 2.1538 161.5115
v -112.6500 0.0000 161.2500
v -112.6500 -2.1538 161.5115
v -112.6500 -4.1825 162.2809
v -112.6500 -5.9681 163.5134
v -112.6500 -7.4069 165.1374
v -112.6500 -8.4151 167.0586
v -112.6500 -8.9344 169.1652
v -112.6500 -8.9344 171.3348
v -112.6500 -8.4151 173.4414
v -112.6500 -7.4069 175.3626
v -112.6500 -5.9681 176.9866
v -112.6500 -4.1825 178.2191
v -112.6500 -2.1538 178.9885
v -109.6500 -0.0000 179.2500
v -109.6500 2.1538 178.9885
v -109.6500 4.1825 178.2191
v -109.6500 5.9681 176.9866
v -109.6500 7.4069 175.3626
v -109.6500 8.4151 173.4414
v -109.6500 8.9344 171.3348
v -109.6500 8.9344 169.1652
v -109.6500 8.4151 167.0586
v -109.6500 7.4069 165.1374
v -109.6500 5.9681 163.5134
v -109.6500 4.1825 162.2809
v -109.6500 2.1538 161.5115
v -109.6500 0.0000 161.2500
v -109.6500 -2.1538 161.5115
v -109.6500 -4.1825 162.2809
v -109.6500 -5.9681 163.5134
v -109.6500 -7.4069 165.1374
v -109.6500 -8.4151 167.0586
v -109.6500 -8.9344 169.1652
v -109.6500 -8.9344 171.3348
v -109.6500 -8.4151 173.4414
v -109.6500 -7.4069 175.3626
v -109.6500 -5.9681 176.9866
v -109.6500 -4.1825 178.2191
v -109.6500 -2.1538 178.9885
f 1022 1021 1048
f 1022 1048 1050
f 1023 1050 1051
f 1023 1051 1052
f 1023 1022 1050
f 1024 1023 1052
f 1025 1052 1053
f 1025 1053 1054
f 1025 1024 1052
f 1026 1025 1054
f 1027 1054 1055
f 1027 1026 1054
f 1028 1055 1056
f 1028 1027 1055
f 1029 1056 1057
f 1029 1057 1058
f 1029 1028 1056
f 1030 1029 1058
f 1031 1058 1059
f 1031 1030 1058
f 1032 1059 1060
f 1032 1060 1061
f 1032 1031 1059
f 1033 1032 1061
f 1033 1061 1062
f 1034 1033 1062
f 1035 1034 1062
f 1035 1062 1063
f 1035 1063 1064
f 1036 1035 1064
f 1037 1036 1064
f 1037 1064 1065
f 1038 1037 1065
f 1038 1065 1066
f 1038 1066 1067
f 1039 1038 1067
f 1040 1039 1067
f 1040 1067 1068
f 1040 1068 1069
f 1041 1040 1069
f 1041 1069 1070
f 1042 1041 1070
f 1043 1042 1070
f 1043 1070 1071
f 1043 1071 1072
f 1044 1043 1072
f 1045 1072 1073
f 1045 1073 1074
f 1045 1044 1072
f 1046 1045 1074
f 1047 1074 1049
f 1047 1046 1074
f 1093 1091 1092
f 1088 1089 1090
f 1088 1090 1091
f 1086 1087 1088
f 1086 1088 1091
f 1085 1086 1091
f 1098 1093 1094
f 1098 1094 1095
f 1098 1095 1096
f 1098 1096 1097
f 1083 1084 1085
f 1083 1091 1093
f 1083 1093 1098
f 1083 1085 1091
f 1075 1099 1100
f 1081 1082 1083
f 1080 1083 1098
f 1080 1081 1083
f 1078 1075 1076
f 1078 1076 1077
f 1078 1079 1080
f 1078 1098 1099
f 1078 1080 1098
f 1078 1099 1075
f 1119 1118 1117
f 1114 1116 1115
f 1114 1117 1116
f 1112 1114 1113
f 1112 1117 1114
f 1111 1117 1112
f 1124 1120 1119
f 1124 1121 1120
f 1124 1122 1121
f 1124 1123 1122
f 1109 1111 1110
f 1109 1119 1117
f 1109 1124 1119
f 1109 1117 1111
f 1101 1126 1125
f 1107 1109 1108
f 1106 1124 1109
f 1106 1109 1107
f 1104 1102 1101
f 1104 1103 1102
f 1104 1106 1105
f 1104 1125 1124
f 1104 1124 1106
f 1104 1101 1125
o part_21_Bus__micro_propulsion__electric__iodine_
usemtl module
v -20.6500 -0.0000 122.7500
v -20.6500 11.3675 124.1303
v -20.6500 22.0744 128.1908
v -20.6500 31.4983 134.6957
v -20.6500 39.0917 143.2669
v -20.6500 44.4133 153.4063
v -20.6500 47.1537 164.5245
v -20.6500 47.1537 175.9755
v -20.6500 44.4133 187.0937
v -20.6500 39.0917 197.2331
v -20.6500 31.4983 205.8043
v -20.6500 22.0744 212.3092
v -20.6500 11.3675 216.3697
v -20.6500 0.0000 217.7500
v -20.6500 -11.3675 216.3697
v -20.6500 -22.0744 212.3092
v -20.6500 -31.4983 205.8043
v -20.6500 -39.0917 197.2331
v -20.6500 -44.4133 187.0937
v -20.6500 -47.1537 175.9755
v -20.6500 -47.1537 164.5245
v -20.6500 -44.4133 153.4063
v -20.6500 -39.0917 143.2669
v -20.6500 -31.4983 134.6957
v -20.6500 -22.0744 128.1908
v -20.6500 -11.3675 124.1303
v -20.6500 -0.0000 122.7500
v -109.6500 -0.0000 122.7500
v -109.6500 -0.0000 122.7500
v -109.6500 11.3675 124.1303
v -109.6500 22.0744 128.1908
v -109.6500 31.4983 134.6957
v -109.6500 39.0917 143.2669
v -109.6500 44.4133 153.4063
v -109.6500 47.1537 164.5245
v -109.6500 47.1537 175.9755
v -109.6500 44.4133 187.0937
v -109.6500 39.0917 197.2331
v -109.6500 31.4983 205.8043
v -109.6500 22.0744 212.3092
v -109.6500 11.3675 216.3697
v -109.6500 0.0000 217.7500
v -109.6500 -11.3675 216.3697
v -109.6500 -22.0744 212.3092
v -109.6500 -31.4983 205.8043
v -109.6500 -39.0917 197.2331
v -109.6500 -44.4133 187.0937
v -109.6500 -47.1537 175.9755
v -109.6500 -47.1537 164.5245
v -109.6500 -44.4133 153.4063
v -109.6500 -39.0917 143.2669
v -109.6500 -31.4983 134.6957
v -109.6500 -22.0744 128.1908
v -109.6500 -11.3675 124.1303
v -20.6500 -0.0000 122.7500
v -20.6500 11.3675 124.1303
v -20.6500 22.0744 128.1908
v -20.6500 31.4983 134.6957
v -20.6500 39.0917 143.2669
v -20.6500 44.4133 153.4063
v -20.6500 47.1537 164.5245
v -20.6500 47.1537 175.9755
v -20.6500 44.4133 187.0937
v -20.6500 39.0917 197.2331
v -20.6500 31.4983 205.8043
v -20.6500 22.0744 212.3092
v -20.6500 11.3675 216.3697
v -20.6500 0.0000 217.7500
v -20.6500 -11.3675 216.3697
v -20.6500 -22.0744 212.3092
v -20.6500 -31.4983 205.8043
v -20.6500 -39.0917 197.2331
v -20.6500 -44.4133 187.0937
v -20.6500 -47.1537 175.9755
v -20.6500 -47.1537 164.5245
v -20.6500 -44.4133 153.4063
v -20.6500 -39.0917 143.2669
v -20.6500 -31.4983 134.6957
v -20.6500 -22.0744 128.1908
v -20.6500 -11.3675 124.1303
v -109.6500 -0.0000 122.7500
v -109.6500 11.3675 124.1303
v -109.6500 22.0744 128.1908
v -109.6500 31.4983 134.6957
v -109.6500 39.0917 143.2669
v -109.6500 44.4133 153.4063
v -109.6500 47.1537 164.5245
v -109.6500 47.1537 175.9755
v -109.6500 44.4133 187.0937
v -109.6500 39.0917 197.2331
v -109.6500 31.4983 205.8043
v -109.6500 22.0744 212.3092
v -109.6500 11.3675 216.3697
v -109.6500 0.0000 217.7500
v -109.6500 -11.3675 216.3697
v -109.6500 -22.0744 212.3092
v -109.6500 -31.4983 205.8043
v -109.6500 -39.0917 197.2331
v -109.6500 -44.4133 187.0937
v -109.6500 -47.1537 175.9755
v -109.6500 -47.1537 164.5245
v -109.6500 -44.4133 153.4063
v -109.6500 -39.0917 143.2669
v -109.6500 -31.4983 134.6957
v -109.6500 -22.0744 128.1908
v -109.6500 -11.3675 124.1303
f 1128 1127 1154
f 1128 1154 1156
f 1129 1156 1157
f 1129 1128 1156
f 1130 1157 1158
f 1130 1158 1159
f 1130 1129 1157
f 1131 1130 1159
f 1132 1159 1160
f 1132 1160 1161
f 1132 1131 1159
f 1133 1132 1161
f 1134 1161 1162
f 1134 1162 1163
f 1134 1133 1161
f 1135 1134 1163
f 1136 1163 1164
f 1136 1135 1163
f 1137 1164 1165
f 1137 1136 1164
f 1138 1165 1166
f 1138 1166 1167
f 1138 1137 1165
f 1139 1138 1167
f 1139 1167 1168
f 1140 1139 1168
f 1141 1140 1168
f 1141 1168 1169
f 1142 1141 1169
f 1142 1169 1170
f 1143 1142 1170
f 1143 1170 1171
f 1143 1171 1172
f 1144 1143 1172
f 1145 1144 1172
f 1145 1172 1173
f 1146 1145 1173
f 1146 1173 1174
f 1147 1146 1174
f 1147 1174 1175
f 1147 1175 1176
f 1148 1147 1176
f 1149 1148 1176
f 1149 1176 1177
f 1150 1149 1177
f 1150 1177 1178
f 1150 1178 1179
f 1151 1150 1179
f 1152 1179 1180
f 1152 1151 1179
f 1153 1180 1155
f 1153 1152 1180
f 1194 1195 1196
f 1203 1196 1197
f 1203 1197 1198
f 1203 1198 1199
f 1203 1199 1200
f 1203 1200 1201
f 1203 1201 1202
f 1190 1191 1192
f 1190 1192 1193
f 1205 1203 1204
f 1189 1193 1194
f 1189 1190 1193
f 1206 1194 1196
f 1206 1196 1203
f 1206 1203 1205
f 1181 1194 1206
f 1183 1181 1182
f 1185 1186 1187
f 1184 1187 1188
f 1184 1188 1189
f 1184 1189 1194
f 1184 1185 1187
f 1184 1194 1181
f 1184 1181 1183
f 1220 1222 1221
f 1229 1223 1222
f 1229 1224 1223
f 1229 1225 1224
f 1229 1226 1225
f 1229 1227 1226
f 1229 1228 1227
f 1216 1218 1217
f 1216 1219 1218
f 1231 1230 1229
f 1215 1220 1219
f 1215 1219 1216
f 1232 1222 1220
f 1232 1229 1222
f 1232 1231 1229
f 1207 1232 1220
f 1209 1208 1207
f 1211 1213 1212
f 1210 1214 1213
f 1210 1215 1214
f 1210 1220 1215
f 1210 1213 1211
f 1210 1207 1220
f 1210 1209 1207
o part_22_Payload_E__telescope_camera__85_mm_Casse
usemtl module
v 101.5000 54.0000 253.0000
v 100.1197 65.3675 253.0000
v 96.0592 76.0744 253.0000
v 89.5543 85.4983 253.0000
v 80.9831 93.0917 253.0000
v 70.8437 98.4133 253.0000
v 59.7255 101.1537 253.0000
v 48.2745 101.1537 253.0000
v 37.1563 98.4133 253.0000
v 27.0169 93.0917 253.0000
v 18.4457 85.4983 253.0000
v 11.9408 76.0744 253.0000
v 7.8803 65.3675 253.0000
v 6.5000 54.0000 253.0000
v 7.8803 42.6325 253.0000
v 11.9408 31.9256 253.0000
v 18.4457 22.5017 253.0000
v 27.0169 14.9083 253.0000
v 37.1563 9.5867 253.0000
v 48.2745 6.8463 253.0000
v 59.7255 6.8463 253.0000
v 70.8437 9.5867 253.0000
v 80.9831 14.9083 253.0000
v 89.5543 22.5017 253.0000
v 96.0592 31.9256 253.0000
v 100.1197 42.6325 253.0000
v 101.5000 54.0000 253.0000
v 101.5000 54.0000 3.0000
v 101.5000 54.0000 3.0000
v 100.1197 65.3675 3.0000
v 96.0592 76.0744 3.0000
v 89.5543 85.4983 3.0000
v 80.9831 93.0917 3.0000
v 70.8437 98.4133 3.0000
v 59.7255 101.1537 3.0000
v 48.2745 101.1537 3.0000
v 37.1563 98.4133 3.0000
v 27.0169 93.0917 3.0000
v 18.4457 85.4983 3.0000
v 11.9408 76.0744 3.0000
v 7.8803 65.3675 3.0000
v 6.5000 54.0000 3.0000
v 7.8803 42.6325 3.0000
v 11.9408 31.9256 3.0000
v 18.4457 22.5017 3.0000
v 27.0169 14.9083 3.0000
v 37.1563 9.5867 3.0000
v 48.2745 6.8463 3.0000
v 59.7255 6.8463 3.0000
v 70.8437 9.5867 3.0000
v 80.9831 14.9083 3.0000
v 89.5543 22.5017 3.0000
v 96.0592 31.9256 3.0000
v 100.1197 42.6325 3.0000
v 101.5000 54.0000 253.0000
v 100.1197 65.3675 253.0000
v 96.0592 76.0744 253.0000
v 89.5543 85.4983 253.0000
v 80.9831 93.0917 253.0000
v 70.8437 98.4133 253.0000
v 59.7255 101.1537 253.0000
v 48.2745 101.1537 253.0000
v 37.1563 98.4133 253.0000
v 27.0169 93.0917 253.0000
v 18.4457 85.4983 253.0000
v 11.9408 76.0744 253.0000
v 7.8803 65.3675 253.0000
v 6.5000 54.0000 253.0000
v 7.8803 42.6325 253.0000
v 11.9408 31.9256 253.0000
v 18.4457 22.5017 253.0000
v 27.0169 14.9083 253.0000
v 37.1563 9.5867 253.0000
v 48.2745 6.8463 253.0000
v 59.7255 6.8463 253.0000
v 70.8437 9.5867 253.0000
v 80.9831 14.9083 253.0000
v 89.5543 22.5017 253.0000
v 96.0592 31.9256 253.0000
v 100.1197 42.6325 253.0000
v 101.5000 54.0000 3.0000
v 100.1197 65.3675 3.0000
v 96.0592 76.0744 3.0000
v 89.5543 85.4983 3.0000
v 80.9831 93.0917 3.0000
v 70.8437 98.4133 3.0000
v 59.7255 101.1537 3.0000
v 48.2745 101.1537 3.0000
v 37.1563 98.4133 3.0000
v 27.0169 93.0917 3.0000
v 18.4457 85.4983 3.0000
v 11.9408 76.0744 3.0000
v 7.8803 65.3675 3.0000
v 6.5000 54.0000 3.0000
v 7.8803 42.6325 3.0000
v 11.9408 31.9256 3.0000
v 18.4457 22.5017 3.0000
v 27.0169 14.9083 3.0000
v 37.1563 9.5867 3.0000
v 48.2745 6.8463 3.0000
v 59.7255 6.8463 3.0000
v 70.8437 9.5867 3.0000
v 80.9831 14.9083 3.0000
v 89.5543 22.5017 3.0000
v 96.0592 31.9256 3.0000
v 100.1197 42.6325 3.0000
f 1234 1233 1260
f 1234 1260 1262
f 1235 1262 1263
f 1235 1234 1262
f 1236 1263 1264
f 1236 1264 1265
f 1236 1235 1263
f 1237 1236 1265
f 1238 1265 1266
f 1238 1266 1267
f 1238 1237 1265
f 1239 1238 1267
f 1240 1267 1268
f 1240 1239 1267
f 1241 1268 1269
f 1241 1240 1268
f 1242 1269 1270
f 1242 1270 1271
f 1242 1241 1269
f 1243 1271 1272
f 1243 1242 1271
f 1244 1243 1272
f 1245 1244 1272
f 1245 1272 1273
f 1246 1245 1273
f 1246 1273 1274
f 1246 1274 1275
f 1247 1246 1275
f 1248 1247 1275
f 1248 1275 1276
f 1249 1248 1276
f 1249 1276 1277
f 1249 1277 1278
f 1250 1249 1278
f 1251 1250 1278
f 1251 1278 1279
f 1252 1251 1279
f 1252 1279 1280
f 1253 1252 1280
f 1253 1280 1281
f 1254 1253 1281
f 1254 1281 1282
f 1255 1254 1282
f 1255 1282 1283
f 1256 1255 1283
f 1256 1283 1284
f 1256 1284 1285
f 1257 1256 1285
f 1258 1285 1286
f 1258 1286 1261
f 1258 1257 1285
f 1259 1258 1261
f 1300 1301 1302
f 1309 1302 1303
f 1309 1303 1304
f 1309 1304 1305
f 1309 1305 1306
f 1309 1306 1307
f 1309 1307 1308
f 1296 1297 1298
f 1296 1298 1299
f 1311 1309 1310
f 1295 1299 1300
f 1295 1296 1299
f 1312 1300 1302
f 1312 1302 1309
f 1312 1309 1311
f 1287 1300 1312
f 1289 1287 1288
f 1291 1292 1293
f 1290 1293 1294
f 1290 1294 1295
f 1290 1295 1300
f 1290 1291 1293
f 1290 1300 1287
f 1290 1287 1289
f 1326 1328 1327
f 1335 1329 1328
f 1335 1330 1329
f 1335 1331 1330
f 1335 1332 1331
f 1335 1333 1332
f 1335 1334 1333
f 1322 1324 1323
f 1322 1325 1324
f 1337 1336 1335
f 1321 1326 1325
f 1321 1325 1322
f 1338 1328 1326
f 1338 1335 1328
f 1338 1337 1335
f 1313 1338 1326
f 1315 1314 1313
f 1317 1319 1318
f 1316 1320 1319
f 1316 1321 1320
f 1316 1326 1321
f 1316 1319 1317
f 1316 1313 1326
f 1316 1315 1313
o part_23_Bus__star_tracker__dedicated_
usemtl module
v -109.0000 1.5000 255.5000
v -109.0000 1.5000 335.5000
v -109.0000 51.5000 255.5000
v -109.0000 51.5000 335.5000
v -59.0000 1.5000 255.5000
v -59.0000 1.5000 335.5000
v -59.0000 51.5000 255.5000
v -59.0000 51.5000 335.5000
v -109.0000 1.5000 255.5000
v -59.0000 1.5000 255.5000
v -109.0000 1.5000 335.5000
v -59.0000 1.5000 335.5000
v -109.0000 51.5000 255.5000
v -59.0000 51.5000 255.5000
v -109.0000 51.5000 335.5000
v -59.0000 51.5000 335.5000
v -109.0000 1.5000 255.5000
v -109.0000 51.5000 255.5000
v -59.0000 1.5000 255.5000
v -59.0000 51.5000 255.5000
v -109.0000 1.5000 335.5000
v -109.0000 51.5000 335.5000
v -59.0000 1.5000 335.5000
v -59.0000 51.5000 335.5000
f 1340 1341 1339
f 1340 1342 1341
f 1344 1343 1345
f 1344 1345 1346
f 1350 1347 1348
f 1350 1349 1347
f 1354 1352 1351
f 1354 1351 1353
f 1358 1355 1356
f 1358 1357 1355
f 1362 1360 1359
f 1362 1359 1361
o part_24_Payload_F__wide_field_camera___star_trac
usemtl module
v -109.0000 1.5000 3.0000
v -109.0000 1.5000 63.0000
v -109.0000 51.5000 3.0000
v -109.0000 51.5000 63.0000
v -59.0000 1.5000 3.0000
v -59.0000 1.5000 63.0000
v -59.0000 51.5000 3.0000
v -59.0000 51.5000 63.0000
v -109.0000 1.5000 3.0000
v -59.0000 1.5000 3.0000
v -109.0000 1.5000 63.0000
v -59.0000 1.5000 63.0000
v -109.0000 51.5000 3.0000
v -59.0000 51.5000 3.0000
v -109.0000 51.5000 63.0000
v -59.0000 51.5000 63.0000
v -109.0000 1.5000 3.0000
v -109.0000 51.5000 3.0000
v -59.0000 1.5000 3.0000
v -59.0000 51.5000 3.0000
v -109.0000 1.5000 63.0000
v -109.0000 51.5000 63.0000
v -59.0000 1.5000 63.0000
v -59.0000 51.5000 63.0000
f 1366 1365 1363
f 1364 1366 1363
f 1370 1367 1369
f 1368 1367 1370
f 1373 1371 1372
f 1374 1373 1372
f 1377 1376 1375
f 1378 1376 1377
f 1382 1379 1380
f 1382 1381 1379
f 1386 1384 1383
f 1386 1383 1385
o part_25_OUTREACH__RGB_LED_flasher__violet_405_nm
usemtl module
v -109.0000 -56.5000 3.0000
v -109.0000 -56.5000 33.0000
v -109.0000 -1.5000 3.0000
v -109.0000 -1.5000 33.0000
v -49.0000 -56.5000 3.0000
v -49.0000 -56.5000 33.0000
v -49.0000 -1.5000 3.0000
v -49.0000 -1.5000 33.0000
v -109.0000 -56.5000 3.0000
v -49.0000 -56.5000 3.0000
v -109.0000 -56.5000 33.0000
v -49.0000 -56.5000 33.0000
v -109.0000 -1.5000 3.0000
v -49.0000 -1.5000 3.0000
v -109.0000 -1.5000 33.0000
v -49.0000 -1.5000 33.0000
v -109.0000 -56.5000 3.0000
v -109.0000 -1.5000 3.0000
v -49.0000 -56.5000 3.0000
v -49.0000 -1.5000 3.0000
v -109.0000 -56.5000 33.0000
v -109.0000 -1.5000 33.0000
v -49.0000 -56.5000 33.0000
v -49.0000 -1.5000 33.0000
f 1388 1389 1387
f 1388 1390 1389
f 1392 1391 1393
f 1392 1393 1394
f 1396 1397 1395
f 1398 1397 1396
f 1400 1399 1401
f 1402 1400 1401
f 1406 1403 1404
f 1406 1405 1403
f 1410 1408 1407
f 1410 1407 1409
o part_26_Payload_G__thermal_IR_imager__160x120_mi
usemtl module
v -109.0000 51.5000 3.0000
v -109.0000 51.5000 63.0000
v -109.0000 91.5000 3.0000
v -109.0000 91.5000 63.0000
v -69.0000 51.5000 3.0000
v -69.0000 51.5000 63.0000
v -69.0000 91.5000 3.0000
v -69.0000 91.5000 63.0000
v -109.0000 51.5000 3.0000
v -69.0000 51.5000 3.0000
v -109.0000 51.5000 63.0000
v -69.0000 51.5000 63.0000
v -109.0000 91.5000 3.0000
v -69.0000 91.5000 3.0000
v -109.0000 91.5000 63.0000
v -69.0000 91.5000 63.0000
v -109.0000 51.5000 3.0000
v -109.0000 91.5000 3.0000
v -69.0000 51.5000 3.0000
v -69.0000 91.5000 3.0000
v -109.0000 51.5000 63.0000
v -109.0000 91.5000 63.0000
v -69.0000 51.5000 63.0000
v -69.0000 91.5000 63.0000
f 1412 1413 1411
f 1412 1414 1413
f 1416 1415 1417
f 1416 1417 1418
f 1422 1419 1420
f 1422 1421 1419
f 1426 1424 1423
f 1426 1423 1425
f 1430 1427 1428
f 1430 1429 1427
f 1434 1432 1431
f 1434 1431 1433
o part_27_SCI__deployable_magnetometer_boom__low_n
usemtl module
v -96.5000 -109.0000 300.5000
v -96.5000 -109.0000 335.5000
v -96.5000 -79.0000 300.5000
v -96.5000 -79.0000 335.5000
v -6.5000 -109.0000 300.5000
v -6.5000 -109.0000 335.5000
v -6.5000 -79.0000 300.5000
v -6.5000 -79.0000 335.5000
v -96.5000 -109.0000 300.5000
v -6.5000 -109.0000 300.5000
v -96.5000 -109.0000 335.5000
v -6.5000 -109.0000 335.5000
v -96.5000 -79.0000 300.5000
v -6.5000 -79.0000 300.5000
v -96.5000 -79.0000 335.5000
v -6.5000 -79.0000 335.5000
v -96.5000 -109.0000 300.5000
v -96.5000 -79.0000 300.5000
v -6.5000 -109.0000 300.5000
v -6.5000 -79.0000 300.5000
v -96.5000 -109.0000 335.5000
v -96.5000 -79.0000 335.5000
v -6.5000 -109.0000 335.5000
v -6.5000 -79.0000 335.5000
f 1436 1437 1435
f 1436 1438 1437
f 1440 1439 1441
f 1440 1441 1442
f 1446 1443 1444
f 1446 1445 1443
f 1450 1448 1447
f 1450 1447 1449
f 1453 1451 1452
f 1454 1453 1452
f 1457 1456 1455
f 1458 1456 1457
o part_28_Antenna___deploy_mech
usemtl module
v -96.5000 -79.0000 313.0000
v -96.5000 -79.0000 335.5000
v -96.5000 -39.0000 313.0000
v -96.5000 -39.0000 335.5000
v -6.5000 -79.0000 313.0000
v -6.5000 -79.0000 335.5000
v -6.5000 -39.0000 313.0000
v -6.5000 -39.0000 335.5000
v -96.5000 -79.0000 313.0000
v -6.5000 -79.0000 313.0000
v -96.5000 -79.0000 335.5000
v -6.5000 -79.0000 335.5000
v -96.5000 -39.0000 313.0000
v -6.5000 -39.0000 313.0000
v -96.5000 -39.0000 335.5000
v -6.5000 -39.0000 335.5000
v -96.5000 -79.0000 313.0000
v -96.5000 -39.0000 313.0000
v -6.5000 -79.0000 313.0000
v -6.5000 -39.0000 313.0000
v -96.5000 -79.0000 335.5000
v -96.5000 -39.0000 335.5000
v -6.5000 -79.0000 335.5000
v -6.5000 -39.0000 335.5000
f 1460 1461 1459
f 1460 1462 1461
f 1464 1463 1465
f 1464 1465 1466
f 1470 1467 1468
f 1470 1469 1467
f 1474 1472 1471
f 1474 1471 1473
f 1478 1475 1476
f 1478 1477 1475
f 1482 1480 1479
f 1482 1479 1481
o part_29_Payload_H__dual_frequency_GNSS__position
usemtl module
v -56.5000 -109.0000 270.5000
v -56.5000 -109.0000 300.5000
v -56.5000 -69.0000 270.5000
v -56.5000 -69.0000 300.5000
v -6.5000 -109.0000 270.5000
v -6.5000 -109.0000 300.5000
v -6.5000 -69.0000 270.5000
v -6.5000 -69.0000 300.5000
v -56.5000 -109.0000 270.5000
v -6.5000 -109.0000 270.5000
v -56.5000 -109.0000 300.5000
v -6.5000 -109.0000 300.5000
v -56.5000 -69.0000 270.5000
v -6.5000 -69.0000 270.5000
v -56.5000 -69.0000 300.5000
v -6.5000 -69.0000 300.5000
v -56.5000 -109.0000 270.5000
v -56.5000 -69.0000 270.5000
v -6.5000 -109.0000 270.5000
v -6.5000 -69.0000 270.5000
v -56.5000 -109.0000 300.5000
v -56.5000 -69.0000 300.5000
v -6.5000 -109.0000 300.5000
v -6.5000 -69.0000 300.5000
f 1484 1485 1483
f 1484 1486 1485
f 1488 1487 1489
f 1488 1489 1490
f 1494 1491 1492
f 1494 1493 1491
f 1498 1496 1495
f 1498 1495 1497
f 1502 1499 1500
f 1502 1501 1499
f 1506 1504 1503
f 1506 1503 1505
o part_30_EO__lightning___optical_transient_detect
usemtl module
v -59.0000 1.5000 3.0000
v -59.0000 1.5000 38.0000
v -59.0000 31.5000 3.0000
v -59.0000 31.5000 38.0000
v -29.0000 1.5000 3.0000
v -29.0000 1.5000 38.0000
v -29.0000 31.5000 3.0000
v -29.0000 31.5000 38.0000
v -59.0000 1.5000 3.0000
v -29.0000 1.5000 3.0000
v -59.0000 1.5000 38.0000
v -29.0000 1.5000 38.0000
v -59.0000 31.5000 3.0000
v -29.0000 31.5000 3.0000
v -59.0000 31.5000 38.0000
v -29.0000 31.5000 38.0000
v -59.0000 1.5000 3.0000
v -59.0000 31.5000 3.0000
v -29.0000 1.5000 3.0000
v -29.0000 31.5000 3.0000
v -59.0000 1.5000 38.0000
v -59.0000 31.5000 38.0000
v -29.0000 1.5000 38.0000
v -29.0000 31.5000 38.0000
f 1508 1509 1507
f 1508 1510 1509
f 1512 1511 1513
f 1512 1513 1514
f 1518 1515 1516
f 1518 1517 1515
f 1522 1520 1519
f 1522 1519 1521
f 1526 1523 1524
f 1526 1525 1523
f 1530 1528 1527
f 1530 1527 1529
o part_31_EO__hyperspectral_spectrometer__shares_t
usemtl module
v 6.5000 21.5000 308.0000
v 6.5000 86.5000 308.0000
v 6.5000 21.5000 253.0000
v 6.5000 86.5000 253.0000
v 6.5000 21.5000 308.0000
v 6.5000 86.5000 308.0000
v 26.5000 21.5000 308.0000
v 26.5000 1.5000 308.0000
v 106.5000 1.5000 308.0000
v 106.5000 78.5000 308.0000
v 98.5000 78.5000 308.0000
v 98.5000 86.5000 308.0000
v 6.5000 86.5000 253.0000
v 98.5000 86.5000 253.0000
v 6.5000 86.5000 308.0000
v 98.5000 86.5000 308.0000
v 6.5000 21.5000 253.0000
v 6.5000 86.5000 253.0000
v 26.5000 21.5000 253.0000
v 26.5000 1.5000 253.0000
v 106.5000 1.5000 253.0000
v 106.5000 78.5000 253.0000
v 98.5000 78.5000 253.0000
v 98.5000 86.5000 253.0000
v 26.5000 21.5000 253.0000
v 26.5000 21.5000 308.0000
v 6.5000 21.5000 253.0000
v 6.5000 21.5000 308.0000
v 98.5000 78.5000 253.0000
v 98.5000 78.5000 308.0000
v 98.5000 86.5000 253.0000
v 98.5000 86.5000 308.0000
v 106.5000 78.5000 253.0000
v 106.5000 78.5000 308.0000
v 98.5000 78.5000 253.0000
v 98.5000 78.5000 308.0000
v 106.5000 1.5000 308.0000
v 106.5000 78.5000 308.0000
v 106.5000 1.5000 253.0000
v 106.5000 78.5000 253.0000
v 26.5000 1.5000 253.0000
v 106.5000 1.5000 253.0000
v 26.5000 1.5000 308.0000
v 106.5000 1.5000 308.0000
v 26.5000 1.5000 253.0000
v 26.5000 1.5000 308.0000
v 26.5000 21.5000 253.0000
v 26.5000 21.5000 308.0000
f 1531 1534 1533
f 1531 1532 1534
f 1536 1535 1537
f 1539 1537 1538
f 1541 1536 1537
f 1541 1537 1539
f 1542 1536 1541
f 1540 1541 1539
f 1546 1544 1543
f 1546 1543 1545
f 1548 1549 1547
f 1551 1550 1549
f 1553 1549 1548
f 1553 1551 1549
f 1554 1553 1548
f 1552 1551 1553
f 1556 1557 1555
f 1556 1558 1557
f 1560 1559 1561
f 1560 1561 1562
f 1564 1563 1565
f 1564 1565 1566
f 1567 1569 1570
f 1567 1570 1568
f 1574 1571 1572
f 1574 1573 1571
f 1576 1577 1575
f 1576 1578 1577
o part_32_ADCS__3_reaction_wheels___torquers___sen
usemtl module
v -96.5000 1.5000 118.0000
v -96.5000 83.5000 118.0000
v -96.5000 1.5000 63.0000
v -96.5000 83.5000 63.0000
v -88.5000 91.5000 118.0000
v -6.5000 91.5000 118.0000
v -88.5000 83.5000 118.0000
v -96.5000 83.5000 118.0000
v -96.5000 1.5000 118.0000
v -26.5000 1.5000 118.0000
v -26.5000 21.5000 118.0000
v -6.5000 21.5000 118.0000
v -88.5000 83.5000 63.0000
v -88.5000 83.5000 118.0000
v -96.5000 83.5000 63.0000
v -96.5000 83.5000 118.0000
v -88.5000 91.5000 63.0000
v -6.5000 91.5000 63.0000
v -88.5000 83.5000 63.0000
v -96.5000 83.5000 63.0000
v -96.5000 1.5000 63.0000
v -26.5000 1.5000 63.0000
v -26.5000 21.5000 63.0000
v -6.5000 21.5000 63.0000
v -96.5000 1.5000 63.0000
v -26.5000 1.5000 63.0000
v -96.5000 1.5000 118.0000
v -26.5000 1.5000 118.0000
v -88.5000 91.5000 63.0000
v -6.5000 91.5000 63.0000
v -88.5000 91.5000 118.0000
v -6.5000 91.5000 118.0000
v -6.5000 21.5000 118.0000
v -6.5000 91.5000 118.0000
v -6.5000 21.5000 63.0000
v -6.5000 91.5000 63.0000
v -6.5000 21.5000 63.0000
v -6.5000 21.5000 118.0000
v -26.5000 21.5000 63.0000
v -26.5000 21.5000 118.0000
v -26.5000 1.5000 63.0000
v -26.5000 1.5000 118.0000
v -26.5000 21.5000 63.0000
v -26.5000 21.5000 118.0000
v -88.5000 83.5000 63.0000
v -88.5000 83.5000 118.0000
v -88.5000 91.5000 63.0000
v -88.5000 91.5000 118.0000
f 1581 1580 1582
f 1579 1580 1581
f 1585 1586 1587
f 1589 1587 1588
f 1589 1585 1587
f 1584 1583 1585
f 1584 1589 1590
f 1584 1585 1589
f 1592 1591 1593
f 1592 1593 1594
f 1597 1599 1598
f 1601 1600 1599
f 1601 1599 1597
f 1596 1597 1595
f 1596 1602 1601
f 1596 1601 1597
f 1606 1603 1604
f 1606 1605 1603
f 1610 1608 1607
f 1610 1607 1609
f 1611 1613 1614
f 1611 1614 1612
f 1616 1617 1615
f 1616 1618 1617
f 1620 1619 1621
f 1620 1621 1622
f 1624 1625 1623
f 1624 1626 1625
o part_33_SCI__gamma_ray_burst_detector__CsI___SiP
usemtl module
v 6.5000 -101.5000 265.5000
v 6.5000 -21.5000 265.5000
v 6.5000 -101.5000 225.5000
v 6.5000 -21.5000 225.5000
v 6.5000 -101.5000 265.5000
v 6.5000 -21.5000 265.5000
v 98.5000 -101.5000 265.5000
v 98.5000 -93.5000 265.5000
v 106.5000 -93.5000 265.5000
v 106.5000 -1.5000 265.5000
v 26.5000 -1.5000 265.5000
v 26.5000 -21.5000 265.5000
v 26.5000 -21.5000 225.5000
v 26.5000 -21.5000 265.5000
v 6.5000 -21.5000 225.5000
v 6.5000 -21.5000 265.5000
v 6.5000 -101.5000 225.5000
v 6.5000 -21.5000 225.5000
v 98.5000 -101.5000 225.5000
v 98.5000 -93.5000 225.5000
v 106.5000 -93.5000 225.5000
v 106.5000 -1.5000 225.5000
v 26.5000 -1.5000 225.5000
v 26.5000 -21.5000 225.5000
v 6.5000 -101.5000 225.5000
v 98.5000 -101.5000 225.5000
v 6.5000 -101.5000 265.5000
v 98.5000 -101.5000 265.5000
v 26.5000 -21.5000 225.5000
v 26.5000 -21.5000 265.5000
v 26.5000 -1.5000 225.5000
v 26.5000 -1.5000 265.5000
v 26.5000 -1.5000 225.5000
v 106.5000 -1.5000 225.5000
v 26.5000 -1.5000 265.5000
v 106.5000 -1.5000 265.5000
v 106.5000 -93.5000 265.5000
v 106.5000 -1.5000 265.5000
v 106.5000 -93.5000 225.5000
v 106.5000 -1.5000 225.5000
v 106.5000 -93.5000 225.5000
v 106.5000 -93.5000 265.5000
v 98.5000 -93.5000 225.5000
v 98.5000 -93.5000 265.5000
v 98.5000 -101.5000 225.5000
v 98.5000 -101.5000 265.5000
v 98.5000 -93.5000 225.5000
v 98.5000 -93.5000 265.5000
f 1627 1630 1629
f 1627 1628 1630
f 1638 1632 1631
f 1634 1631 1633
f 1634 1638 1631
f 1636 1634 1635
f 1636 1637 1638
f 1636 1638 1634
f 1640 1639 1641
f 1640 1641 1642
f 1650 1643 1644
f 1646 1645 1643
f 1646 1643 1650
f 1648 1647 1646
f 1648 1650 1649
f 1648 1646 1650
f 1654 1651 1652
f 1654 1653 1651
f 1656 1657 1655
f 1656 1658 1657
f 1662 1660 1659
f 1662 1659 1661
f 1663 1665 1666
f 1663 1666 1664
f 1670 1669 1667
f 1668 1670 1667
f 1674 1671 1673
f 1672 1671 1674
o part_34_Mission_computer__Jetson_Orin_Nano__Linu
usemtl module
v -109.0000 -101.5000 33.0000
v -109.0000 -101.5000 78.0000
v -109.0000 -1.5000 33.0000
v -109.0000 -1.5000 78.0000
v -29.0000 -101.5000 33.0000
v -29.0000 -101.5000 78.0000
v -29.0000 -1.5000 33.0000
v -29.0000 -1.5000 78.0000
v -109.0000 -101.5000 33.0000
v -29.0000 -101.5000 33.0000
v -109.0000 -101.5000 78.0000
v -29.0000 -101.5000 78.0000
v -109.0000 -1.5000 33.0000
v -29.0000 -1.5000 33.0000
v -109.0000 -1.5000 78.0000
v -29.0000 -1.5000 78.0000
v -109.0000 -101.5000 33.0000
v -109.0000 -1.5000 33.0000
v -29.0000 -101.5000 33.0000
v -29.0000 -1.5000 33.0000
v -109.0000 -101.5000 78.0000
v -109.0000 -1.5000 78.0000
v -29.0000 -101.5000 78.0000
v -29.0000 -1.5000 78.0000
f 1675 1678 1677
f 1676 1678 1675
f 1679 1681 1682
f 1680 1679 1682
f 1686 1683 1684
f 1686 1685 1683
f 1690 1688 1687
f 1690 1687 1689
f 1694 1691 1692
f 1694 1693 1691
f 1698 1696 1695
f 1698 1695 1697
o part_35_Battery_containment__alu_box___polyimide
usemtl module
v 6.5000 -101.5000 38.0000
v 6.5000 -21.5000 38.0000
v 6.5000 -101.5000 3.0000
v 6.5000 -21.5000 3.0000
v 6.5000 -101.5000 38.0000
v 6.5000 -21.5000 38.0000
v 98.5000 -101.5000 38.0000
v 98.5000 -93.5000 38.0000
v 106.5000 -93.5000 38.0000
v 106.5000 -1.5000 38.0000
v 26.5000 -1.5000 38.0000
v 26.5000 -21.5000 38.0000
v 26.5000 -21.5000 3.0000
v 26.5000 -21.5000 38.0000
v 6.5000 -21.5000 3.0000
v 6.5000 -21.5000 38.0000
v 6.5000 -101.5000 3.0000
v 6.5000 -21.5000 3.0000
v 98.5000 -101.5000 3.0000
v 98.5000 -93.5000 3.0000
v 106.5000 -93.5000 3.0000
v 106.5000 -1.5000 3.0000
v 26.5000 -1.5000 3.0000
v 26.5000 -21.5000 3.0000
v 6.5000 -101.5000 3.0000
v 98.5000 -101.5000 3.0000
v 6.5000 -101.5000 38.0000
v 98.5000 -101.5000 38.0000
v 26.5000 -21.5000 3.0000
v 26.5000 -21.5000 38.0000
v 26.5000 -1.5000 3.0000
v 26.5000 -1.5000 38.0000
v 26.5000 -1.5000 3.0000
v 106.5000 -1.5000 3.0000
v 26.5000 -1.5000 38.0000
v 106.5000 -1.5000 38.0000
v 106.5000 -93.5000 38.0000
v 106.5000 -1.5000 38.0000
v 106.5000 -93.5000 3.0000
v 106.5000 -1.5000 3.0000
v 106.5000 -93.5000 3.0000
v 106.5000 -93.5000 38.0000
v 98.5000 -93.5000 3.0000
v 98.5000 -93.5000 38.0000
v 98.5000 -101.5000 3.0000
v 98.5000 -101.5000 38.0000
v 98.5000 -93.5000 3.0000
v 98.5000 -93.5000 38.0000
f 1699 1702 1701
f 1699 1700 1702
f 1710 1704 1703
f 1706 1703 1705
f 1706 1710 1703
f 1708 1706 1707
f 1708 1709 1710
f 1708 1710 1706
f 1714 1711 1713
f 1712 1711 1714
f 1722 1715 1716
f 1718 1717 1715
f 1718 1715 1722
f 1720 1719 1718
f 1720 1722 1721
f 1720 1718 1722
f 1726 1723 1724
f 1726 1725 1723
f 1730 1729 1727
f 1728 1730 1727
f 1734 1732 1731
f 1734 1731 1733
f 1735 1737 1738
f 1735 1738 1736
f 1742 1741 1739
f 1740 1742 1739
f 1746 1743 1745
f 1744 1743 1746
o part_36_SCI__energetic_particle_spectrometer__e_
usemtl module
v 49.0000 -101.5000 175.5000
v 49.0000 -101.5000 225.5000
v 49.0000 -1.5000 175.5000
v 49.0000 -1.5000 225.5000
v 109.0000 -101.5000 175.5000
v 109.0000 -101.5000 225.5000
v 109.0000 -1.5000 175.5000
v 109.0000 -1.5000 225.5000
v 49.0000 -101.5000 175.5000
v 109.0000 -101.5000 175.5000
v 49.0000 -101.5000 225.5000
v 109.0000 -101.5000 225.5000
v 49.0000 -1.5000 175.5000
v 109.0000 -1.5000 175.5000
v 49.0000 -1.5000 225.5000
v 109.0000 -1.5000 225.5000
v 49.0000 -101.5000 175.5000
v 49.0000 -1.5000 175.5000
v 109.0000 -101.5000 175.5000
v 109.0000 -1.5000 175.5000
v 49.0000 -101.5000 225.5000
v 49.0000 -1.5000 225.5000
v 109.0000 -101.5000 225.5000
v 109.0000 -1.5000 225.5000
f 1748 1749 1747
f 1748 1750 1749
f 1752 1751 1753
f 1752 1753 1754
f 1756 1757 1755
f 1758 1757 1756
f 1760 1759 1761
f 1762 1760 1761
f 1766 1763 1764
f 1766 1765 1763
f 1770 1768 1767
f 1770 1767 1769
o part_37_LiFePO4_pack_A__2S2P_26650__42_Wh____BMS
usemtl module
v 39.0000 -101.5000 38.0000
v 39.0000 -101.5000 75.5000
v 39.0000 -1.5000 38.0000
v 39.0000 -1.5000 75.5000
v 109.0000 -101.5000 38.0000
v 109.0000 -101.5000 75.5000
v 109.0000 -1.5000 38.0000
v 109.0000 -1.5000 75.5000
v 39.0000 -101.5000 38.0000
v 109.0000 -101.5000 38.0000
v 39.0000 -101.5000 75.5000
v 109.0000 -101.5000 75.5000
v 39.0000 -1.5000 38.0000
v 109.0000 -1.5000 38.0000
v 39.0000 -1.5000 75.5000
v 109.0000 -1.5000 75.5000
v 39.0000 -101.5000 38.0000
v 39.0000 -1.5000 38.0000
v 109.0000 -101.5000 38.0000
v 109.0000 -1.5000 38.0000
v 39.0000 -101.5000 75.5000
v 39.0000 -1.5000 75.5000
v 109.0000 -101.5000 75.5000
v 109.0000 -1.5000 75.5000
f 1771 1774 1773
f 1772 1774 1771
f 1775 1777 1778
f 1776 1775 1778
f 1780 1781 1779
f 1782 1781 1780
f 1784 1783 1785
f 1786 1784 1785
f 1790 1787 1788
f 1790 1789 1787
f 1794 1792 1791
f 1794 1791 1793
o part_38_LiFePO4_pack_B__2S2P_26650__42_Wh____BMS
usemtl module
v 39.0000 -101.5000 138.0000
v 39.0000 -101.5000 175.5000
v 39.0000 -1.5000 138.0000
v 39.0000 -1.5000 175.5000
v 109.0000 -101.5000 138.0000
v 109.0000 -101.5000 175.5000
v 109.0000 -1.5000 138.0000
v 109.0000 -1.5000 175.5000
v 39.0000 -101.5000 138.0000
v 109.0000 -101.5000 138.0000
v 39.0000 -101.5000 175.5000
v 109.0000 -101.5000 175.5000
v 39.0000 -1.5000 138.0000
v 109.0000 -1.5000 138.0000
v 39.0000 -1.5000 175.5000
v 109.0000 -1.5000 175.5000
v 39.0000 -101.5000 138.0000
v 39.0000 -1.5000 138.0000
v 109.0000 -101.5000 138.0000
v 109.0000 -1.5000 138.0000
v 39.0000 -101.5000 175.5000
v 39.0000 -1.5000 175.5000
v 109.0000 -101.5000 175.5000
v 109.0000 -1.5000 175.5000
f 1795 1798 1797
f 1796 1798 1795
f 1799 1801 1802
f 1800 1799 1802
f 1804 1805 1803
f 1806 1805 1804
f 1808 1807 1809
f 1810 1808 1809
f 1814 1811 1812
f 1814 1813 1811
f 1818 1816 1815
f 1818 1815 1817
o part_39_Bus__drag_sail__passive_deorbit_backup_
usemtl module
v 6.5000 -101.5000 95.5000
v 6.5000 -21.5000 95.5000
v 6.5000 -101.5000 75.5000
v 6.5000 -21.5000 75.5000
v 6.5000 -101.5000 95.5000
v 6.5000 -21.5000 95.5000
v 98.5000 -101.5000 95.5000
v 98.5000 -93.5000 95.5000
v 106.5000 -93.5000 95.5000
v 106.5000 -1.5000 95.5000
v 26.5000 -1.5000 95.5000
v 26.5000 -21.5000 95.5000
v 26.5000 -21.5000 75.5000
v 26.5000 -21.5000 95.5000
v 6.5000 -21.5000 75.5000
v 6.5000 -21.5000 95.5000
v 6.5000 -101.5000 75.5000
v 6.5000 -21.5000 75.5000
v 98.5000 -101.5000 75.5000
v 98.5000 -93.5000 75.5000
v 106.5000 -93.5000 75.5000
v 106.5000 -1.5000 75.5000
v 26.5000 -1.5000 75.5000
v 26.5000 -21.5000 75.5000
v 6.5000 -101.5000 75.5000
v 98.5000 -101.5000 75.5000
v 6.5000 -101.5000 95.5000
v 98.5000 -101.5000 95.5000
v 26.5000 -21.5000 75.5000
v 26.5000 -21.5000 95.5000
v 26.5000 -1.5000 75.5000
v 26.5000 -1.5000 95.5000
v 26.5000 -1.5000 75.5000
v 106.5000 -1.5000 75.5000
v 26.5000 -1.5000 95.5000
v 106.5000 -1.5000 95.5000
v 106.5000 -93.5000 95.5000
v 106.5000 -1.5000 95.5000
v 106.5000 -93.5000 75.5000
v 106.5000 -1.5000 75.5000
v 106.5000 -93.5000 75.5000
v 106.5000 -93.5000 95.5000
v 98.5000 -93.5000 75.5000
v 98.5000 -93.5000 95.5000
v 98.5000 -101.5000 75.5000
v 98.5000 -101.5000 95.5000
v 98.5000 -93.5000 75.5000
v 98.5000 -93.5000 95.5000
f 1819 1822 1821
f 1819 1820 1822
f 1830 1824 1823
f 1826 1823 1825
f 1826 1830 1823
f 1828 1826 1827
f 1828 1829 1830
f 1828 1830 1826
f 1832 1831 1833
f 1832 1833 1834
f 1842 1835 1836
f 1838 1837 1835
f 1838 1835 1842
f 1840 1839 1838
f 1840 1842 1841
f 1840 1838 1842
f 1844 1845 1843
f 1846 1845 1844
f 1848 1849 1847
f 1848 1850 1849
f 1854 1852 1851
f 1854 1851 1853
f 1857 1858 1856
f 1855 1857 1856
f 1862 1861 1859
f 1860 1862 1859
f 1866 1863 1865
f 1864 1863 1866
o part_40_SCI__VLF_ELF_receiver__whistlers__lightn
usemtl module
v -106.5000 -93.5000 245.5000
v -106.5000 -1.5000 245.5000
v -106.5000 -93.5000 225.5000
v -106.5000 -1.5000 225.5000
v -106.5000 -1.5000 245.5000
v -26.5000 -1.5000 245.5000
v -106.5000 -93.5000 245.5000
v -98.5000 -93.5000 245.5000
v -98.5000 -101.5000 245.5000
v -6.5000 -101.5000 245.5000
v -6.5000 -21.5000 245.5000
v -26.5000 -21.5000 245.5000
v -106.5000 -1.5000 225.5000
v -26.5000 -1.5000 225.5000
v -106.5000 -1.5000 245.5000
v -26.5000 -1.5000 245.5000
v -106.5000 -1.5000 225.5000
v -26.5000 -1.5000 225.5000
v -106.5000 -93.5000 225.5000
v -98.5000 -93.5000 225.5000
v -98.5000 -101.5000 225.5000
v -6.5000 -101.5000 225.5000
v -6.5000 -21.5000 225.5000
v -26.5000 -21.5000 225.5000
v -98.5000 -93.5000 225.5000
v -98.5000 -93.5000 245.5000
v -106.5000 -93.5000 225.5000
v -106.5000 -93.5000 245.5000
v -26.5000 -21.5000 225.5000
v -26.5000 -21.5000 245.5000
v -26.5000 -1.5000 225.5000
v -26.5000 -1.5000 245.5000
v -6.5000 -21.5000 225.5000
v -6.5000 -21.5000 245.5000
v -26.5000 -21.5000 225.5000
v -26.5000 -21.5000 245.5000
v -6.5000 -101.5000 245.5000
v -6.5000 -21.5000 245.5000
v -6.5000 -101.5000 225.5000
v -6.5000 -21.5000 225.5000
v -98.5000 -101.5000 225.5000
v -6.5000 -101.5000 225.5000
v -98.5000 -101.5000 245.5000
v -6.5000 -101.5000 245.5000
v -98.5000 -101.5000 225.5000
v -98.5000 -101.5000 245.5000
v -98.5000 -93.5000 225.5000
v -98.5000 -93.5000 245.5000
f 1869 1868 1870
f 1867 1868 1869
f 1871 1873 1874
f 1876 1874 1875
f 1878 1871 1874
f 1878 1874 1876
f 1872 1871 1878
f 1877 1878 1876
f 1882 1880 1879
f 1882 1879 1881
f 1883 1886 1885
f 1888 1887 1886
f 1890 1886 1883
f 1890 1888 1886
f 1884 1890 1883
f 1889 1888 1890
f 1894 1893 1891
f 1892 1894 1891
f 1896 1895 1897
f 1896 1897 1898
f 1900 1899 1901
f 1900 1901 1902
f 1903 1905 1906
f 1903 1906 1904
f 1908 1909 1907
f 1910 1909 1908
f 1914 1913 1911
f 1912 1914 1911
o part_41_EPS_board
usemtl module
v 6.5000 -91.5000 115.5000
v 6.5000 -21.5000 115.5000
v 6.5000 -91.5000 95.5000
v 6.5000 -21.5000 95.5000
v 6.5000 -91.5000 115.5000
v 6.5000 -21.5000 115.5000
v 88.5000 -91.5000 115.5000
v 88.5000 -83.5000 115.5000
v 96.5000 -83.5000 115.5000
v 96.5000 -1.5000 115.5000
v 26.5000 -1.5000 115.5000
v 26.5000 -21.5000 115.5000
v 26.5000 -21.5000 95.5000
v 26.5000 -21.5000 115.5000
v 6.5000 -21.5000 95.5000
v 6.5000 -21.5000 115.5000
v 6.5000 -91.5000 95.5000
v 6.5000 -21.5000 95.5000
v 88.5000 -91.5000 95.5000
v 88.5000 -83.5000 95.5000
v 96.5000 -83.5000 95.5000
v 96.5000 -1.5000 95.5000
v 26.5000 -1.5000 95.5000
v 26.5000 -21.5000 95.5000
v 6.5000 -91.5000 95.5000
v 88.5000 -91.5000 95.5000
v 6.5000 -91.5000 115.5000
v 88.5000 -91.5000 115.5000
v 26.5000 -21.5000 95.5000
v 26.5000 -21.5000 115.5000
v 26.5000 -1.5000 95.5000
v 26.5000 -1.5000 115.5000
v 26.5000 -1.5000 95.5000
v 96.5000 -1.5000 95.5000
v 26.5000 -1.5000 115.5000
v 96.5000 -1.5000 115.5000
v 96.5000 -83.5000 115.5000
v 96.5000 -1.5000 115.5000
v 96.5000 -83.5000 95.5000
v 96.5000 -1.5000 95.5000
v 96.5000 -83.5000 95.5000
v 96.5000 -83.5000 115.5000
v 88.5000 -83.5000 95.5000
v 88.5000 -83.5000 115.5000
v 88.5000 -91.5000 95.5000
v 88.5000 -91.5000 115.5000
v 88.5000 -83.5000 95.5000
v 88.5000 -83.5000 115.5000
f 1915 1918 1917
f 1915 1916 1918
f 1926 1920 1919
f 1922 1919 1921
f 1922 1926 1919
f 1924 1922 1923
f 1924 1925 1926
f 1924 1926 1922
f 1928 1927 1929
f 1928 1929 1930
f 1938 1931 1932
f 1934 1933 1931
f 1934 1931 1938
f 1936 1935 1934
f 1936 1938 1937
f 1936 1934 1938
f 1940 1941 1939
f 1942 1941 1940
f 1944 1945 1943
f 1944 1946 1945
f 1950 1948 1947
f 1950 1947 1949
f 1953 1954 1952
f 1951 1953 1952
f 1958 1957 1955
f 1956 1958 1955
f 1962 1959 1961
f 1960 1959 1962
o part_42_EPS_board_B__redundant____ideal_diode_OR
usemtl module
v 6.5000 -91.5000 135.5000
v 6.5000 -21.5000 135.5000
v 6.5000 -91.5000 115.5000
v 6.5000 -21.5000 115.5000
v 6.5000 -91.5000 135.5000
v 6.5000 -21.5000 135.5000
v 88.5000 -91.5000 135.5000
v 88.5000 -83.5000 135.5000
v 96.5000 -83.5000 135.5000
v 96.5000 -1.5000 135.5000
v 26.5000 -1.5000 135.5000
v 26.5000 -21.5000 135.5000
v 26.5000 -21.5000 115.5000
v 26.5000 -21.5000 135.5000
v 6.5000 -21.5000 115.5000
v 6.5000 -21.5000 135.5000
v 6.5000 -91.5000 115.5000
v 6.5000 -21.5000 115.5000
v 88.5000 -91.5000 115.5000
v 88.5000 -83.5000 115.5000
v 96.5000 -83.5000 115.5000
v 96.5000 -1.5000 115.5000
v 26.5000 -1.5000 115.5000
v 26.5000 -21.5000 115.5000
v 6.5000 -91.5000 115.5000
v 88.5000 -91.5000 115.5000
v 6.5000 -91.5000 135.5000
v 88.5000 -91.5000 135.5000
v 26.5000 -21.5000 115.5000
v 26.5000 -21.5000 135.5000
v 26.5000 -1.5000 115.5000
v 26.5000 -1.5000 135.5000
v 26.5000 -1.5000 115.5000
v 96.5000 -1.5000 115.5000
v 26.5000 -1.5000 135.5000
v 96.5000 -1.5000 135.5000
v 96.5000 -83.5000 135.5000
v 96.5000 -1.5000 135.5000
v 96.5000 -83.5000 115.5000
v 96.5000 -1.5000 115.5000
v 96.5000 -83.5000 115.5000
v 96.5000 -83.5000 135.5000
v 88.5000 -83.5000 115.5000
v 88.5000 -83.5000 135.5000
v 88.5000 -91.5000 115.5000
v 88.5000 -91.5000 135.5000
v 88.5000 -83.5000 115.5000
v 88.5000 -83.5000 135.5000
f 1963 1966 1965
f 1963 1964 1966
f 1974 1968 1967
f 1970 1967 1969
f 1970 1974 1967
f 1972 1970 1971
f 1972 1973 1974
f 1972 1974 1970
f 1976 1975 1977
f 1976 1977 1978
f 1986 1979 1980
f 1982 1981 1979
f 1982 1979 1986
f 1984 1983 1982
f 1984 1986 1985
f 1984 1982 1986
f 1988 1989 1987
f 1990 1989 1988
f 1992 1993 1991
f 1992 1994 1993
f 1998 1996 1995
f 1998 1995 1997
f 2001 2002 2000
f 1999 2001 2000
f 2006 2005 2003
f 2004 2006 2003
f 2010 2007 2009
f 2008 2007 2010
o part_43_SCI__total_solar_irradiance_radiometer__
usemtl module
v -61.5000 54.0000 118.0000
v -61.5000 54.0000 168.0000
v -61.5000 109.0000 118.0000
v -61.5000 109.0000 168.0000
v -6.5000 54.0000 118.0000
v -6.5000 54.0000 168.0000
v -6.5000 109.0000 118.0000
v -6.5000 109.0000 168.0000
v -61.5000 54.0000 118.0000
v -6.5000 54.0000 118.0000
v -61.5000 54.0000 168.0000
v -6.5000 54.0000 168.0000
v -61.5000 109.0000 118.0000
v -6.5000 109.0000 118.0000
v -61.5000 109.0000 168.0000
v -6.5000 109.0000 168.0000
v -61.5000 54.0000 118.0000
v -61.5000 109.0000 118.0000
v -6.5000 54.0000 118.0000
v -6.5000 109.0000 118.0000
v -61.5000 54.0000 168.0000
v -61.5000 109.0000 168.0000
v -6.5000 54.0000 168.0000
v -6.5000 109.0000 168.0000
f 2012 2013 2011
f 2012 2014 2013
f 2016 2015 2017
f 2016 2017 2018
f 2022 2019 2020
f 2022 2021 2019
f 2026 2024 2023
f 2026 2023 2025
f 2030 2027 2028
f 2030 2029 2027
f 2034 2032 2031
f 2034 2031 2033
o part_44_S_band_transceiver__high_rate_downlink__
usemtl module
v -109.0000 -91.5000 78.0000
v -109.0000 -91.5000 100.5000
v -109.0000 -1.5000 78.0000
v -109.0000 -1.5000 100.5000
v -29.0000 -91.5000 78.0000
v -29.0000 -91.5000 100.5000
v -29.0000 -1.5000 78.0000
v -29.0000 -1.5000 100.5000
v -109.0000 -91.5000 78.0000
v -29.0000 -91.5000 78.0000
v -109.0000 -91.5000 100.5000
v -29.0000 -91.5000 100.5000
v -109.0000 -1.5000 78.0000
v -29.0000 -1.5000 78.0000
v -109.0000 -1.5000 100.5000
v -29.0000 -1.5000 100.5000
v -109.0000 -91.5000 78.0000
v -109.0000 -1.5000 78.0000
v -29.0000 -91.5000 78.0000
v -29.0000 -1.5000 78.0000
v -109.0000 -91.5000 100.5000
v -109.0000 -1.5000 100.5000
v -29.0000 -91.5000 100.5000
v -29.0000 -1.5000 100.5000
f 2036 2037 2035
f 2036 2038 2037
f 2040 2039 2041
f 2040 2041 2042
f 2046 2043 2044
f 2046 2045 2043
f 2050 2048 2047
f 2050 2047 2049
f 2052 2053 2051
f 2054 2053 2052
f 2056 2055 2057
f 2058 2056 2057
o part_45_SCI__Langmuir_probe__plasma_density__boo
usemtl module
v -109.0000 -61.5000 245.5000
v -109.0000 -61.5000 288.0000
v -109.0000 -1.5000 245.5000
v -109.0000 -1.5000 288.0000
v -49.0000 -61.5000 245.5000
v -49.0000 -61.5000 288.0000
v -49.0000 -1.5000 245.5000
v -49.0000 -1.5000 288.0000
v -109.0000 -61.5000 245.5000
v -49.0000 -61.5000 245.5000
v -109.0000 -61.5000 288.0000
v -49.0000 -61.5000 288.0000
v -109.0000 -1.5000 245.5000
v -49.0000 -1.5000 245.5000
v -109.0000 -1.5000 288.0000
v -49.0000 -1.5000 288.0000
v -109.0000 -61.5000 245.5000
v -109.0000 -1.5000 245.5000
v -49.0000 -61.5000 245.5000
v -49.0000 -1.5000 245.5000
v -109.0000 -61.5000 288.0000
v -109.0000 -1.5000 288.0000
v -49.0000 -61.5000 288.0000
v -49.0000 -1.5000 288.0000
f 2059 2062 2061
f 2060 2062 2059
f 2063 2065 2066
f 2064 2063 2066
f 2068 2069 2067
f 2070 2069 2068
f 2072 2071 2073
f 2074 2072 2073
f 2078 2075 2076
f 2078 2077 2075
f 2082 2080 2079
f 2082 2079 2081
o part_46_Mission_computer_B__Raspberry_Pi_CM5__al
usemtl module
v -109.0000 1.5000 225.5000
v -109.0000 1.5000 255.5000
v -109.0000 91.5000 225.5000
v -109.0000 91.5000 255.5000
v -49.0000 1.5000 225.5000
v -49.0000 1.5000 255.5000
v -49.0000 91.5000 225.5000
v -49.0000 91.5000 255.5000
v -109.0000 1.5000 225.5000
v -49.0000 1.5000 225.5000
v -109.0000 1.5000 255.5000
v -49.0000 1.5000 255.5000
v -109.0000 91.5000 225.5000
v -49.0000 91.5000 225.5000
v -109.0000 91.5000 255.5000
v -49.0000 91.5000 255.5000
v -109.0000 1.5000 225.5000
v -109.0000 91.5000 225.5000
v -49.0000 1.5000 225.5000
v -49.0000 91.5000 225.5000
v -109.0000 1.5000 255.5000
v -109.0000 91.5000 255.5000
v -49.0000 1.5000 255.5000
v -49.0000 91.5000 255.5000
f 2083 2086 2085
f 2084 2086 2083
f 2087 2089 2090
f 2088 2087 2090
f 2092 2093 2091
f 2094 2093 2092
f 2096 2095 2097
f 2098 2096 2097
f 2102 2099 2100
f 2102 2101 2099
f 2106 2104 2103
f 2106 2103 2105
o part_47_SCI__solar_X_ray___UV_monitor__flare_det
usemtl module
v 49.0000 -51.5000 285.5000
v 49.0000 -51.5000 335.5000
v 49.0000 -1.5000 285.5000
v 49.0000 -1.5000 335.5000
v 109.0000 -51.5000 285.5000
v 109.0000 -51.5000 335.5000
v 109.0000 -1.5000 285.5000
v 109.0000 -1.5000 335.5000
v 49.0000 -51.5000 285.5000
v 109.0000 -51.5000 285.5000
v 49.0000 -51.5000 335.5000
v 109.0000 -51.5000 335.5000
v 49.0000 -1.5000 285.5000
v 109.0000 -1.5000 285.5000
v 49.0000 -1.5000 335.5000
v 109.0000 -1.5000 335.5000
v 49.0000 -51.5000 285.5000
v 49.0000 -1.5000 285.5000
v 109.0000 -51.5000 285.5000
v 109.0000 -1.5000 285.5000
v 49.0000 -51.5000 335.5000
v 49.0000 -1.5000 335.5000
v 109.0000 -51.5000 335.5000
v 109.0000 -1.5000 335.5000
f 2108 2109 2107
f 2108 2110 2109
f 2112 2111 2113
f 2112 2113 2114
f 2116 2117 2115
f 2118 2117 2116
f 2120 2119 2121
f 2122 2120 2121
f 2125 2123 2124
f 2126 2125 2124
f 2129 2128 2127
f 2130 2128 2129
o part_48_Mass_memory_unit__8_x_128_GB_eMMC_SLC__6
usemtl module
v -96.5000 -83.5000 120.5000
v -96.5000 -1.5000 120.5000
v -96.5000 -83.5000 100.5000
v -96.5000 -1.5000 100.5000
v -96.5000 -1.5000 120.5000
v -26.5000 -1.5000 120.5000
v -96.5000 -83.5000 120.5000
v -88.5000 -83.5000 120.5000
v -88.5000 -91.5000 120.5000
v -6.5000 -91.5000 120.5000
v -6.5000 -21.5000 120.5000
v -26.5000 -21.5000 120.5000
v -96.5000 -1.5000 100.5000
v -26.5000 -1.5000 100.5000
v -96.5000 -1.5000 120.5000
v -26.5000 -1.5000 120.5000
v -96.5000 -1.5000 100.5000
v -26.5000 -1.5000 100.5000
v -96.5000 -83.5000 100.5000
v -88.5000 -83.5000 100.5000
v -88.5000 -91.5000 100.5000
v -6.5000 -91.5000 100.5000
v -6.5000 -21.5000 100.5000
v -26.5000 -21.5000 100.5000
v -88.5000 -83.5000 100.5000
v -88.5000 -83.5000 120.5000
v -96.5000 -83.5000 100.5000
v -96.5000 -83.5000 120.5000
v -26.5000 -21.5000 100.5000
v -26.5000 -21.5000 120.5000
v -26.5000 -1.5000 100.5000
v -26.5000 -1.5000 120.5000
v -6.5000 -21.5000 100.5000
v -6.5000 -21.5000 120.5000
v -26.5000 -21.5000 100.5000
v -26.5000 -21.5000 120.5000
v -6.5000 -91.5000 120.5000
v -6.5000 -21.5000 120.5000
v -6.5000 -91.5000 100.5000
v -6.5000 -21.5000 100.5000
v -88.5000 -91.5000 100.5000
v -6.5000 -91.5000 100.5000
v -88.5000 -91.5000 120.5000
v -6.5000 -91.5000 120.5000
v -88.5000 -91.5000 100.5000
v -88.5000 -91.5000 120.5000
v -88.5000 -83.5000 100.5000
v -88.5000 -83.5000 120.5000
f 2133 2132 2134
f 2131 2132 2133
f 2135 2137 2138
f 2140 2138 2139
f 2142 2135 2138
f 2142 2138 2140
f 2136 2135 2142
f 2141 2142 2140
f 2146 2144 2143
f 2146 2143 2145
f 2147 2150 2149
f 2152 2151 2150
f 2154 2150 2147
f 2154 2152 2150
f 2148 2154 2147
f 2153 2152 2154
f 2158 2157 2155
f 2156 2158 2155
f 2160 2159 2161
f 2160 2161 2162
f 2164 2163 2165
f 2164 2165 2166
f 2167 2169 2170
f 2167 2170 2168
f 2172 2173 2171
f 2174 2173 2172
f 2178 2177 2175
f 2176 2178 2175
o part_49_Survival_bus__containment___isolated_cha
usemtl module
v 49.0000 -91.5000 285.5000
v 49.0000 -91.5000 335.5000
v 49.0000 -51.5000 285.5000
v 49.0000 -51.5000 335.5000
v 109.0000 -91.5000 285.5000
v 109.0000 -91.5000 335.5000
v 109.0000 -51.5000 285.5000
v 109.0000 -51.5000 335.5000
v 49.0000 -91.5000 285.5000
v 109.0000 -91.5000 285.5000
v 49.0000 -91.5000 335.5000
v 109.0000 -91.5000 335.5000
v 49.0000 -51.5000 285.5000
v 109.0000 -51.5000 285.5000
v 49.0000 -51.5000 335.5000
v 109.0000 -51.5000 335.5000
v 49.0000 -91.5000 285.5000
v 49.0000 -51.5000 285.5000
v 109.0000 -91.5000 285.5000
v 109.0000 -51.5000 285.5000
v 49.0000 -91.5000 335.5000
v 49.0000 -51.5000 335.5000
v 109.0000 -91.5000 335.5000
v 109.0000 -51.5000 335.5000
f 2180 2181 2179
f 2180 2182 2181
f 2184 2183 2185
f 2184 2185 2186
f 2188 2189 2187
f 2190 2189 2188
f 2192 2191 2193
f 2194 2192 2193
f 2198 2195 2196
f 2198 2197 2195
f 2202 2200 2199
f 2202 2199 2201
o part_50_UHF_LoRa_comms__RX_
usemtl module
v -96.5000 54.0000 168.0000
v -96.5000 54.0000 193.0000
v -96.5000 109.0000 168.0000
v -96.5000 109.0000 193.0000
v -6.5000 54.0000 168.0000
v -6.5000 54.0000 193.0000
v -6.5000 109.0000 168.0000
v -6.5000 109.0000 193.0000
v -96.5000 54.0000 168.0000
v -6.5000 54.0000 168.0000
v -96.5000 54.0000 193.0000
v -6.5000 54.0000 193.0000
v -96.5000 109.0000 168.0000
v -6.5000 109.0000 168.0000
v -96.5000 109.0000 193.0000
v -6.5000 109.0000 193.0000
v -96.5000 54.0000 168.0000
v -96.5000 109.0000 168.0000
v -6.5000 54.0000 168.0000
v -6.5000 109.0000 168.0000
v -96.5000 54.0000 193.0000
v -96.5000 109.0000 193.0000
v -6.5000 54.0000 193.0000
v -6.5000 109.0000 193.0000
f 2204 2205 2203
f 2204 2206 2205
f 2208 2207 2209
f 2208 2209 2210
f 2214 2211 2212
f 2214 2213 2211
f 2218 2216 2215
f 2218 2215 2217
f 2222 2219 2220
f 2222 2221 2219
f 2226 2224 2223
f 2226 2223 2225
o part_51_S_band_transceiver__TX_
usemtl module
v -96.5000 -109.0000 200.5000
v -96.5000 -109.0000 225.5000
v -96.5000 -54.0000 200.5000
v -96.5000 -54.0000 225.5000
v -6.5000 -109.0000 200.5000
v -6.5000 -109.0000 225.5000
v -6.5000 -54.0000 200.5000
v -6.5000 -54.0000 225.5000
v -96.5000 -109.0000 200.5000
v -6.5000 -109.0000 200.5000
v -96.5000 -109.0000 225.5000
v -6.5000 -109.0000 225.5000
v -96.5000 -54.0000 200.5000
v -6.5000 -54.0000 200.5000
v -96.5000 -54.0000 225.5000
v -6.5000 -54.0000 225.5000
v -96.5000 -109.0000 200.5000
v -96.5000 -54.0000 200.5000
v -6.5000 -109.0000 200.5000
v -6.5000 -54.0000 200.5000
v -96.5000 -109.0000 225.5000
v -96.5000 -54.0000 225.5000
v -6.5000 -109.0000 225.5000
v -6.5000 -54.0000 225.5000
f 2228 2229 2227
f 2228 2230 2229
f 2232 2231 2233
f 2232 2233 2234
f 2238 2235 2236
f 2238 2237 2235
f 2242 2240 2239
f 2242 2239 2241
f 2246 2243 2244
f 2246 2245 2243
f 2250 2248 2247
f 2250 2247 2249
o part_52_LONG__impact_protection__double_wall_Whi
usemtl module
v 6.5000 -101.5000 275.5000
v 6.5000 -21.5000 275.5000
v 6.5000 -101.5000 265.5000
v 6.5000 -21.5000 265.5000
v 6.5000 -101.5000 275.5000
v 6.5000 -21.5000 275.5000
v 98.5000 -101.5000 275.5000
v 98.5000 -93.5000 275.5000
v 106.5000 -93.5000 275.5000
v 106.5000 -1.5000 275.5000
v 26.5000 -1.5000 275.5000
v 26.5000 -21.5000 275.5000
v 26.5000 -21.5000 265.5000
v 26.5000 -21.5000 275.5000
v 6.5000 -21.5000 265.5000
v 6.5000 -21.5000 275.5000
v 6.5000 -101.5000 265.5000
v 6.5000 -21.5000 265.5000
v 98.5000 -101.5000 265.5000
v 98.5000 -93.5000 265.5000
v 106.5000 -93.5000 265.5000
v 106.5000 -1.5000 265.5000
v 26.5000 -1.5000 265.5000
v 26.5000 -21.5000 265.5000
v 6.5000 -101.5000 265.5000
v 98.5000 -101.5000 265.5000
v 6.5000 -101.5000 275.5000
v 98.5000 -101.5000 275.5000
v 26.5000 -21.5000 265.5000
v 26.5000 -21.5000 275.5000
v 26.5000 -1.5000 265.5000
v 26.5000 -1.5000 275.5000
v 26.5000 -1.5000 265.5000
v 106.5000 -1.5000 265.5000
v 26.5000 -1.5000 275.5000
v 106.5000 -1.5000 275.5000
v 106.5000 -93.5000 275.5000
v 106.5000 -1.5000 275.5000
v 106.5000 -93.5000 265.5000
v 106.5000 -1.5000 265.5000
v 106.5000 -93.5000 265.5000
v 106.5000 -93.5000 275.5000
v 98.5000 -93.5000 265.5000
v 98.5000 -93.5000 275.5000
v 98.5000 -101.5000 265.5000
v 98.5000 -101.5000 275.5000
v 98.5000 -93.5000 265.5000
v 98.5000 -93.5000 275.5000
f 2253 2252 2254
f 2251 2252 2253
f 2262 2256 2255
f 2258 2255 2257
f 2258 2262 2255
f 2260 2258 2259
f 2260 2261 2262
f 2260 2262 2258
f 2264 2263 2265
f 2264 2265 2266
f 2274 2267 2268
f 2270 2269 2267
f 2270 2267 2274
f 2272 2271 2270
f 2272 2274 2273
f 2272 2270 2274
f 2276 2277 2275
f 2278 2277 2276
f 2280 2281 2279
f 2280 2282 2281
f 2284 2283 2285
f 2286 2284 2285
f 2289 2290 2288
f 2287 2289 2288
f 2292 2293 2291
f 2292 2294 2293
f 2296 2295 2297
f 2296 2297 2298
o part_53_LONG__radiation_vault__graded_Z_Al_Ta_bo
usemtl module
v -96.5000 -109.0000 180.5000
v -96.5000 -109.0000 200.5000
v -96.5000 -54.0000 180.5000
v -96.5000 -54.0000 200.5000
v -6.5000 -109.0000 180.5000
v -6.5000 -109.0000 200.5000
v -6.5000 -54.0000 180.5000
v -6.5000 -54.0000 200.5000
v -96.5000 -109.0000 180.5000
v -6.5000 -109.0000 180.5000
v -96.5000 -109.0000 200.5000
v -6.5000 -109.0000 200.5000
v -96.5000 -54.0000 180.5000
v -6.5000 -54.0000 180.5000
v -96.5000 -54.0000 200.5000
v -6.5000 -54.0000 200.5000
v -96.5000 -109.0000 180.5000
v -96.5000 -54.0000 180.5000
v -6.5000 -109.0000 180.5000
v -6.5000 -54.0000 180.5000
v -96.5000 -109.0000 200.5000
v -96.5000 -54.0000 200.5000
v -6.5000 -109.0000 200.5000
v -6.5000 -54.0000 200.5000
f 2300 2301 2299
f 2300 2302 2301
f 2304 2303 2305
f 2304 2305 2306
f 2310 2307 2308
f 2310 2309 2307
f 2314 2312 2311
f 2314 2311 2313
f 2318 2315 2316
f 2318 2317 2315
f 2322 2320 2319
f 2322 2319 2321
o part_54_LONG__CoM_trim_ballast__tungsten__1_7_kg
usemtl module
v -36.5000 79.0000 193.0000
v -36.5000 79.0000 293.0000
v -36.5000 109.0000 193.0000
v -36.5000 109.0000 293.0000
v -6.5000 79.0000 193.0000
v -6.5000 79.0000 293.0000
v -6.5000 109.0000 193.0000
v -6.5000 109.0000 293.0000
v -36.5000 79.0000 193.0000
v -6.5000 79.0000 193.0000
v -36.5000 79.0000 293.0000
v -6.5000 79.0000 293.0000
v -36.5000 109.0000 193.0000
v -6.5000 109.0000 193.0000
v -36.5000 109.0000 293.0000
v -6.5000 109.0000 293.0000
v -36.5000 79.0000 193.0000
v -36.5000 109.0000 193.0000
v -6.5000 79.0000 193.0000
v -6.5000 109.0000 193.0000
v -36.5000 79.0000 293.0000
v -36.5000 109.0000 293.0000
v -6.5000 79.0000 293.0000
v -6.5000 109.0000 293.0000
f 2326 2325 2323
f 2324 2326 2323
f 2330 2327 2329
f 2328 2327 2330
f 2333 2331 2332
f 2334 2333 2332
f 2337 2336 2335
f 2338 2336 2337
f 2342 2339 2340
f 2342 2341 2339
f 2346 2344 2343
f 2346 2343 2345
o part_55_Flight_controller__STM32H7_x2____watchdo
usemtl module
v -96.5000 -109.0000 158.0000
v -96.5000 -109.0000 180.5000
v -96.5000 -69.0000 158.0000
v -96.5000 -69.0000 180.5000
v -6.5000 -109.0000 158.0000
v -6.5000 -109.0000 180.5000
v -6.5000 -69.0000 158.0000
v -6.5000 -69.0000 180.5000
v -96.5000 -109.0000 158.0000
v -6.5000 -109.0000 158.0000
v -96.5000 -109.0000 180.5000
v -6.5000 -109.0000 180.5000
v -96.5000 -69.0000 158.0000
v -6.5000 -69.0000 158.0000
v -96.5000 -69.0000 180.5000
v -6.5000 -69.0000 180.5000
v -96.5000 -109.0000 158.0000
v -96.5000 -69.0000 158.0000
v -6.5000 -109.0000 158.0000
v -6.5000 -69.0000 158.0000
v -96.5000 -109.0000 180.5000
v -96.5000 -69.0000 180.5000
v -6.5000 -109.0000 180.5000
v -6.5000 -69.0000 180.5000
f 2348 2349 2347
f 2348 2350 2349
f 2352 2351 2353
f 2352 2353 2354
f 2358 2355 2356
f 2358 2357 2355
f 2362 2360 2359
f 2362 2359 2361
f 2366 2363 2364
f 2366 2365 2363
f 2370 2368 2367
f 2370 2367 2369
o part_56_LiFePO4_pack_C__2S1P__5_Wh__6_4_V_nomina
usemtl module
v 6.5000 -109.0000 310.5000
v 6.5000 -109.0000 335.5000
v 6.5000 -49.0000 310.5000
v 6.5000 -49.0000 335.5000
v 46.5000 -109.0000 310.5000
v 46.5000 -109.0000 335.5000
v 46.5000 -49.0000 310.5000
v 46.5000 -49.0000 335.5000
v 6.5000 -109.0000 310.5000
v 46.5000 -109.0000 310.5000
v 6.5000 -109.0000 335.5000
v 46.5000 -109.0000 335.5000
v 6.5000 -49.0000 310.5000
v 46.5000 -49.0000 310.5000
v 6.5000 -49.0000 335.5000
v 46.5000 -49.0000 335.5000
v 6.5000 -109.0000 310.5000
v 6.5000 -49.0000 310.5000
v 46.5000 -109.0000 310.5000
v 46.5000 -49.0000 310.5000
v 6.5000 -109.0000 335.5000
v 6.5000 -49.0000 335.5000
v 46.5000 -109.0000 335.5000
v 46.5000 -49.0000 335.5000
f 2372 2373 2371
f 2372 2374 2373
f 2376 2375 2377
f 2376 2377 2378
f 2382 2379 2380
f 2382 2381 2379
f 2386 2384 2383
f 2386 2383 2385
f 2390 2387 2388
f 2390 2389 2387
f 2394 2392 2391
f 2394 2391 2393
o part_57_Payload_B__magnetometer___sun_sensors
usemtl module
v -109.0000 -101.5000 245.5000
v -109.0000 -101.5000 288.0000
v -109.0000 -61.5000 245.5000
v -109.0000 -61.5000 288.0000
v -79.0000 -101.5000 245.5000
v -79.0000 -101.5000 288.0000
v -79.0000 -61.5000 245.5000
v -79.0000 -61.5000 288.0000
v -109.0000 -101.5000 245.5000
v -79.0000 -101.5000 245.5000
v -109.0000 -101.5000 288.0000
v -79.0000 -101.5000 288.0000
v -109.0000 -61.5000 245.5000
v -79.0000 -61.5000 245.5000
v -109.0000 -61.5000 288.0000
v -79.0000 -61.5000 288.0000
v -109.0000 -101.5000 245.5000
v -109.0000 -61.5000 245.5000
v -79.0000 -101.5000 245.5000
v -79.0000 -61.5000 245.5000
v -109.0000 -101.5000 288.0000
v -109.0000 -61.5000 288.0000
v -79.0000 -101.5000 288.0000
v -79.0000 -61.5000 288.0000
f 2396 2397 2395
f 2396 2398 2397
f 2400 2399 2401
f 2400 2401 2402
f 2406 2403 2404
f 2406 2405 2403
f 2410 2408 2407
f 2410 2407 2409
f 2414 2411 2412
f 2414 2413 2411
f 2418 2416 2415
f 2418 2415 2417
o part_58_Payload_A__SEU_experiment
usemtl module
v -46.5000 -109.0000 133.0000
v -46.5000 -109.0000 158.0000
v -46.5000 -69.0000 133.0000
v -46.5000 -69.0000 158.0000
v -6.5000 -109.0000 133.0000
v -6.5000 -109.0000 158.0000
v -6.5000 -69.0000 133.0000
v -6.5000 -69.0000 158.0000
v -46.5000 -109.0000 133.0000
v -6.5000 -109.0000 133.0000
v -46.5000 -109.0000 158.0000
v -6.5000 -109.0000 158.0000
v -46.5000 -69.0000 133.0000
v -6.5000 -69.0000 133.0000
v -46.5000 -69.0000 158.0000
v -6.5000 -69.0000 158.0000
v -46.5000 -109.0000 133.0000
v -46.5000 -69.0000 133.0000
v -6.5000 -109.0000 133.0000
v -6.5000 -69.0000 133.0000
v -46.5000 -109.0000 158.0000
v -46.5000 -69.0000 158.0000
v -6.5000 -109.0000 158.0000
v -6.5000 -69.0000 158.0000
f 2420 2421 2419
f 2420 2422 2421
f 2424 2423 2425
f 2424 2425 2426
f 2430 2427 2428
f 2430 2429 2427
f 2434 2432 2431
f 2434 2431 2433
f 2438 2435 2436
f 2438 2437 2435
f 2442 2440 2439
f 2442 2439 2441
o part_59_Payload_D__store_and_forward_relay
usemtl module
v -86.5000 -109.0000 133.0000
v -86.5000 -109.0000 158.0000
v -86.5000 -69.0000 133.0000
v -86.5000 -69.0000 158.0000
v -46.5000 -109.0000 133.0000
v -46.5000 -109.0000 158.0000
v -46.5000 -69.0000 133.0000
v -46.5000 -69.0000 158.0000
v -86.5000 -109.0000 133.0000
v -46.5000 -109.0000 133.0000
v -86.5000 -109.0000 158.0000
v -46.5000 -109.0000 158.0000
v -86.5000 -69.0000 133.0000
v -46.5000 -69.0000 133.0000
v -86.5000 -69.0000 158.0000
v -46.5000 -69.0000 158.0000
v -86.5000 -109.0000 133.0000
v -86.5000 -69.0000 133.0000
v -46.5000 -109.0000 133.0000
v -46.5000 -69.0000 133.0000
v -86.5000 -109.0000 158.0000
v -86.5000 -69.0000 158.0000
v -46.5000 -109.0000 158.0000
v -46.5000 -69.0000 158.0000
f 2444 2445 2443
f 2444 2446 2445
f 2448 2447 2449
f 2448 2449 2450
f 2454 2451 2452
f 2454 2453 2451
f 2458 2456 2455
f 2458 2455 2457
f 2462 2459 2460
f 2462 2461 2459
f 2466 2464 2463
f 2466 2463 2465
o part_60_Payload_C__temp_power_telemetry
usemtl module
v -109.0000 -31.5000 288.0000
v -109.0000 -31.5000 323.0000
v -109.0000 -1.5000 288.0000
v -109.0000 -1.5000 323.0000
v -79.0000 -31.5000 288.0000
v -79.0000 -31.5000 323.0000
v -79.0000 -1.5000 288.0000
v -79.0000 -1.5000 323.0000
v -109.0000 -31.5000 288.0000
v -79.0000 -31.5000 288.0000
v -109.0000 -31.5000 323.0000
v -79.0000 -31.5000 323.0000
v -109.0000 -1.5000 288.0000
v -79.0000 -1.5000 288.0000
v -109.0000 -1.5000 323.0000
v -79.0000 -1.5000 323.0000
v -109.0000 -31.5000 288.0000
v -109.0000 -1.5000 288.0000
v -79.0000 -31.5000 288.0000
v -79.0000 -1.5000 288.0000
v -109.0000 -31.5000 323.0000
v -109.0000 -1.5000 323.0000
v -79.0000 -31.5000 323.0000
v -79.0000 -1.5000 323.0000
f 2468 2469 2467
f 2468 2470 2469
f 2472 2471 2473
f 2472 2473 2474
f 2478 2475 2476
f 2478 2477 2475
f 2482 2480 2479
f 2482 2479 2481
f 2486 2483 2484
f 2486 2485 2483
f 2490 2488 2487
f 2490 2487 2489
o part_61_Payload_I__radiation_dosimeter__particle
usemtl module
v -79.0000 -31.5000 288.0000
v -79.0000 -31.5000 323.0000
v -79.0000 -1.5000 288.0000
v -79.0000 -1.5000 323.0000
v -49.0000 -31.5000 288.0000
v -49.0000 -31.5000 323.0000
v -49.0000 -1.5000 288.0000
v -49.0000 -1.5000 323.0000
v -79.0000 -31.5000 288.0000
v -49.0000 -31.5000 288.0000
v -79.0000 -31.5000 323.0000
v -49.0000 -31.5000 323.0000
v -79.0000 -1.5000 288.0000
v -49.0000 -1.5000 288.0000
v -79.0000 -1.5000 323.0000
v -49.0000 -1.5000 323.0000
v -79.0000 -31.5000 288.0000
v -79.0000 -1.5000 288.0000
v -49.0000 -31.5000 288.0000
v -49.0000 -1.5000 288.0000
v -79.0000 -31.5000 323.0000
v -79.0000 -1.5000 323.0000
v -49.0000 -31.5000 323.0000
v -49.0000 -1.5000 323.0000
f 2492 2493 2491
f 2492 2494 2493
f 2496 2495 2497
f 2496 2497 2498
f 2502 2499 2500
f 2502 2501 2499
f 2506 2504 2503
f 2506 2503 2505
f 2510 2507 2508
f 2510 2509 2507
f 2514 2512 2511
f 2514 2511 2513
o part_62_Payload_J__micrometeoroid___debris_impac
usemtl module
v 6.5000 -109.0000 38.0000
v 6.5000 -109.0000 73.0000
v 6.5000 -79.0000 38.0000
v 6.5000 -79.0000 73.0000
v 36.5000 -109.0000 38.0000
v 36.5000 -109.0000 73.0000
v 36.5000 -79.0000 38.0000
v 36.5000 -79.0000 73.0000
v 6.5000 -109.0000 38.0000
v 36.5000 -109.0000 38.0000
v 6.5000 -109.0000 73.0000
v 36.5000 -109.0000 73.0000
v 6.5000 -79.0000 38.0000
v 36.5000 -79.0000 38.0000
v 6.5000 -79.0000 73.0000
v 36.5000 -79.0000 73.0000
v 6.5000 -109.0000 38.0000
v 6.5000 -79.0000 38.0000
v 36.5000 -109.0000 38.0000
v 36.5000 -79.0000 38.0000
v 6.5000 -109.0000 73.0000
v 6.5000 -79.0000 73.0000
v 36.5000 -109.0000 73.0000
v 36.5000 -79.0000 73.0000
f 2516 2517 2515
f 2516 2518 2517
f 2520 2519 2521
f 2520 2521 2522
f 2526 2523 2524
f 2526 2525 2523
f 2530 2528 2527
f 2530 2527 2529
f 2534 2531 2532
f 2534 2533 2531
f 2538 2536 2535
f 2538 2535 2537
o part_63_SCI__flash_memory_endurance___radiation_
usemtl module
v -36.5000 -69.0000 278.0000
v -36.5000 -69.0000 313.0000
v -36.5000 -39.0000 278.0000
v -36.5000 -39.0000 313.0000
v -6.5000 -69.0000 278.0000
v -6.5000 -69.0000 313.0000
v -6.5000 -39.0000 278.0000
v -6.5000 -39.0000 313.0000
v -36.5000 -69.0000 278.0000
v -6.5000 -69.0000 278.0000
v -36.5000 -69.0000 313.0000
v -6.5000 -69.0000 313.0000
v -36.5000 -39.0000 278.0000
v -6.5000 -39.0000 278.0000
v -36.5000 -39.0000 313.0000
v -6.5000 -39.0000 313.0000
v -36.5000 -69.0000 278.0000
v -36.5000 -39.0000 278.0000
v -6.5000 -69.0000 278.0000
v -6.5000 -39.0000 278.0000
v -36.5000 -69.0000 313.0000
v -36.5000 -39.0000 313.0000
v -6.5000 -69.0000 313.0000
v -6.5000 -39.0000 313.0000
f 2540 2541 2539
f 2540 2542 2541
f 2544 2543 2545
f 2544 2545 2546
f 2550 2547 2548
f 2550 2549 2547
f 2554 2552 2551
f 2554 2551 2553
f 2558 2555 2556
f 2558 2557 2555
f 2562 2560 2559
f 2562 2559 2561
o part_64_Thermal__heaters_
usemtl module
v 29.0000 -21.5000 175.5000
v 29.0000 -21.5000 225.5000
v 29.0000 -1.5000 175.5000
v 29.0000 -1.5000 225.5000
v 49.0000 -21.5000 175.5000
v 49.0000 -21.5000 225.5000
v 49.0000 -1.5000 175.5000
v 49.0000 -1.5000 225.5000
v 29.0000 -21.5000 175.5000
v 49.0000 -21.5000 175.5000
v 29.0000 -21.5000 225.5000
v 49.0000 -21.5000 225.5000
v 29.0000 -1.5000 175.5000
v 49.0000 -1.5000 175.5000
v 29.0000 -1.5000 225.5000
v 49.0000 -1.5000 225.5000
v 29.0000 -21.5000 175.5000
v 29.0000 -1.5000 175.5000
v 49.0000 -21.5000 175.5000
v 49.0000 -1.5000 175.5000
v 29.0000 -21.5000 225.5000
v 29.0000 -1.5000 225.5000
v 49.0000 -21.5000 225.5000
v 49.0000 -1.5000 225.5000
f 2564 2565 2563
f 2564 2566 2565
f 2568 2567 2569
f 2568 2569 2570
f 2574 2571 2572
f 2574 2573 2571
f 2578 2576 2575
f 2578 2575 2577
f 2582 2579 2580
f 2582 2581 2579
f 2586 2584 2583
f 2586 2583 2585
o part_65_SCI__chip_scale_atomic_clock__precise_ti
usemtl module
v -79.0000 -91.5000 245.5000
v -79.0000 -91.5000 268.0000
v -79.0000 -61.5000 245.5000
v -79.0000 -61.5000 268.0000
v -49.0000 -91.5000 245.5000
v -49.0000 -91.5000 268.0000
v -49.0000 -61.5000 245.5000
v -49.0000 -61.5000 268.0000
v -79.0000 -91.5000 245.5000
v -49.0000 -91.5000 245.5000
v -79.0000 -91.5000 268.0000
v -49.0000 -91.5000 268.0000
v -79.0000 -61.5000 245.5000
v -49.0000 -61.5000 245.5000
v -79.0000 -61.5000 268.0000
v -49.0000 -61.5000 268.0000
v -79.0000 -91.5000 245.5000
v -79.0000 -61.5000 245.5000
v -49.0000 -91.5000 245.5000
v -49.0000 -61.5000 245.5000
v -79.0000 -91.5000 268.0000
v -79.0000 -61.5000 268.0000
v -49.0000 -91.5000 268.0000
v -49.0000 -61.5000 268.0000
f 2588 2589 2587
f 2588 2590 2589
f 2592 2591 2593
f 2592 2593 2594
f 2598 2595 2596
f 2598 2597 2595
f 2602 2600 2599
f 2602 2599 2601
f 2606 2603 2604
f 2606 2605 2603
f 2610 2608 2607
f 2610 2607 2609
o part_66_UHF_LoRa_comms__TX_
usemtl module
v -16.5000 21.5000 118.0000
v -16.5000 21.5000 128.0000
v -16.5000 31.5000 118.0000
v -16.5000 31.5000 128.0000
v -6.5000 21.5000 118.0000
v -6.5000 21.5000 128.0000
v -6.5000 31.5000 118.0000
v -6.5000 31.5000 128.0000
v -16.5000 21.5000 118.0000
v -6.5000 21.5000 118.0000
v -16.5000 21.5000 128.0000
v -6.5000 21.5000 128.0000
v -16.5000 31.5000 118.0000
v -6.5000 31.5000 118.0000
v -16.5000 31.5000 128.0000
v -6.5000 31.5000 128.0000
v -16.5000 21.5000 118.0000
v -16.5000 31.5000 118.0000
v -6.5000 21.5000 118.0000
v -6.5000 31.5000 118.0000
v -16.5000 21.5000 128.0000
v -16.5000 31.5000 128.0000
v -6.5000 21.5000 128.0000
v -6.5000 31.5000 128.0000
f 2612 2613 2611
f 2612 2614 2613
f 2616 2615 2617
f 2616 2617 2618
f 2622 2619 2620
f 2622 2621 2619
f 2626 2624 2623
f 2626 2623 2625
f 2630 2627 2628
f 2630 2629 2627
f 2634 2632 2631
f 2634 2631 2633
o part_67_SCI__multi_computer_radiation_comparison
usemtl module
v -109.0000 -101.5000 78.0000
v -109.0000 -101.5000 88.0000
v -109.0000 -91.5000 78.0000
v -109.0000 -91.5000 88.0000
v -99.0000 -101.5000 78.0000
v -99.0000 -101.5000 88.0000
v -99.0000 -91.5000 78.0000
v -99.0000 -91.5000 88.0000
v -109.0000 -101.5000 78.0000
v -99.0000 -101.5000 78.0000
v -109.0000 -101.5000 88.0000
v -99.0000 -101.5000 88.0000
v -109.0000 -91.5000 78.0000
v -99.0000 -91.5000 78.0000
v -109.0000 -91.5000 88.0000
v -99.0000 -91.5000 88.0000
v -109.0000 -101.5000 78.0000
v -109.0000 -91.5000 78.0000
v -99.0000 -101.5000 78.0000
v -99.0000 -91.5000 78.0000
v -109.0000 -101.5000 88.0000
v -109.0000 -91.5000 88.0000
v -99.0000 -101.5000 88.0000
v -99.0000 -91.5000 88.0000
f 2636 2637 2635
f 2636 2638 2637
f 2640 2639 2641
f 2640 2641 2642
f 2646 2643 2644
f 2646 2645 2643
f 2650 2648 2647
f 2650 2647 2649
f 2654 2651 2652
f 2654 2653 2651
f 2658 2656 2655
f 2658 2655 2657
o part_68_Bus__telescope_column_thermostatic_heate
usemtl module
v 6.5000 21.5000 308.0000
v 6.5000 21.5000 313.0000
v 6.5000 31.5000 308.0000
v 6.5000 31.5000 313.0000
v 16.5000 21.5000 308.0000
v 16.5000 21.5000 313.0000
v 16.5000 31.5000 308.0000
v 16.5000 31.5000 313.0000
v 6.5000 21.5000 308.0000
v 16.5000 21.5000 308.0000
v 6.5000 21.5000 313.0000
v 16.5000 21.5000 313.0000
v 6.5000 31.5000 308.0000
v 16.5000 31.5000 308.0000
v 6.5000 31.5000 313.0000
v 16.5000 31.5000 313.0000
v 6.5000 21.5000 308.0000
v 6.5000 31.5000 308.0000
v 16.5000 21.5000 308.0000
v 16.5000 31.5000 308.0000
v 6.5000 21.5000 313.0000
v 6.5000 31.5000 313.0000
v 16.5000 21.5000 313.0000
v 16.5000 31.5000 313.0000
f 2660 2661 2659
f 2660 2662 2661
f 2664 2663 2665
f 2664 2665 2666
f 2670 2667 2668
f 2670 2669 2667
f 2674 2672 2671
f 2674 2671 2673
f 2678 2675 2676
f 2678 2677 2675
f 2682 2680 2679
f 2682 2679 2681
o part_69_Wing_A_panel_1
usemtl solar_cell
v 113.1500 119.6500 0.0000
v 113.1500 119.6500 340.5000
v 113.1500 121.7500 0.0000
v 113.1500 121.7500 340.5000
v 339.4500 119.6500 0.0000
v 339.4500 119.6500 340.5000
v 339.4500 121.7500 0.0000
v 339.4500 121.7500 340.5000
v 113.1500 119.6500 0.0000
v 339.4500 119.6500 0.0000
v 113.1500 119.6500 340.5000
v 339.4500 119.6500 340.5000
v 113.1500 121.7500 0.0000
v 339.4500 121.7500 0.0000
v 113.1500 121.7500 340.5000
v 339.4500 121.7500 340.5000
v 113.1500 119.6500 0.0000
v 113.1500 121.7500 0.0000
v 339.4500 119.6500 0.0000
v 339.4500 121.7500 0.0000
v 113.1500 119.6500 340.5000
v 113.1500 121.7500 340.5000
v 339.4500 119.6500 340.5000
v 339.4500 121.7500 340.5000
f 2684 2685 2683
f 2684 2686 2685
f 2688 2687 2689
f 2688 2689 2690
f 2694 2691 2692
f 2694 2693 2691
f 2698 2696 2695
f 2698 2695 2697
f 2701 2699 2700
f 2702 2701 2700
f 2705 2704 2703
f 2706 2704 2705
o part_70_Wing_A_panel_2
usemtl solar_cell
v 339.4500 119.6500 0.0000
v 339.4500 119.6500 340.5000
v 339.4500 121.7500 0.0000
v 339.4500 121.7500 340.5000
v 565.7500 119.6500 0.0000
v 565.7500 119.6500 340.5000
v 565.7500 121.7500 0.0000
v 565.7500 121.7500 340.5000
v 339.4500 119.6500 0.0000
v 565.7500 119.6500 0.0000
v 339.4500 119.6500 340.5000
v 565.7500 119.6500 340.5000
v 339.4500 121.7500 0.0000
v 565.7500 121.7500 0.0000
v 339.4500 121.7500 340.5000
v 565.7500 121.7500 340.5000
v 339.4500 119.6500 0.0000
v 339.4500 121.7500 0.0000
v 565.7500 119.6500 0.0000
v 565.7500 121.7500 0.0000
v 339.4500 119.6500 340.5000
v 339.4500 121.7500 340.5000
v 565.7500 119.6500 340.5000
v 565.7500 121.7500 340.5000
f 2708 2709 2707
f 2708 2710 2709
f 2712 2711 2713
f 2712 2713 2714
f 2718 2715 2716
f 2718 2717 2715
f 2722 2720 2719
f 2722 2719 2721
f 2726 2723 2724
f 2726 2725 2723
f 2730 2728 2727
f 2730 2727 2729
o part_71_Wing_A_panel_3
usemtl solar_cell
v 565.7500 119.6500 0.0000
v 565.7500 119.6500 340.5000
v 565.7500 121.7500 0.0000
v 565.7500 121.7500 340.5000
v 792.0500 119.6500 0.0000
v 792.0500 119.6500 340.5000
v 792.0500 121.7500 0.0000
v 792.0500 121.7500 340.5000
v 565.7500 119.6500 0.0000
v 792.0500 119.6500 0.0000
v 565.7500 119.6500 340.5000
v 792.0500 119.6500 340.5000
v 565.7500 121.7500 0.0000
v 792.0500 121.7500 0.0000
v 565.7500 121.7500 340.5000
v 792.0500 121.7500 340.5000
v 565.7500 119.6500 0.0000
v 565.7500 121.7500 0.0000
v 792.0500 119.6500 0.0000
v 792.0500 121.7500 0.0000
v 565.7500 119.6500 340.5000
v 565.7500 121.7500 340.5000
v 792.0500 119.6500 340.5000
v 792.0500 121.7500 340.5000
f 2732 2733 2731
f 2732 2734 2733
f 2736 2735 2737
f 2736 2737 2738
f 2742 2739 2740
f 2742 2741 2739
f 2746 2744 2743
f 2746 2743 2745
f 2750 2747 2748
f 2750 2749 2747
f 2754 2752 2751
f 2754 2751 2753
o part_72_Wing_B_panel_1
usemtl solar_cell
v -339.4500 -121.7500 0.0000
v -339.4500 -121.7500 340.5000
v -339.4500 -119.6500 0.0000
v -339.4500 -119.6500 340.5000
v -113.1500 -121.7500 0.0000
v -113.1500 -121.7500 340.5000
v -113.1500 -119.6500 0.0000
v -113.1500 -119.6500 340.5000
v -339.4500 -121.7500 0.0000
v -113.1500 -121.7500 0.0000
v -339.4500 -121.7500 340.5000
v -113.1500 -121.7500 340.5000
v -339.4500 -119.6500 0.0000
v -113.1500 -119.6500 0.0000
v -339.4500 -119.6500 340.5000
v -113.1500 -119.6500 340.5000
v -339.4500 -121.7500 0.0000
v -339.4500 -119.6500 0.0000
v -113.1500 -121.7500 0.0000
v -113.1500 -119.6500 0.0000
v -339.4500 -121.7500 340.5000
v -339.4500 -119.6500 340.5000
v -113.1500 -121.7500 340.5000
v -113.1500 -119.6500 340.5000
f 2756 2757 2755
f 2756 2758 2757
f 2760 2759 2761
f 2760 2761 2762
f 2766 2763 2764
f 2766 2765 2763
f 2770 2768 2767
f 2770 2767 2769
f 2773 2771 2772
f 2774 2773 2772
f 2777 2776 2775
f 2778 2776 2777
o part_73_Wing_B_panel_2
usemtl solar_cell
v -565.7500 -121.7500 0.0000
v -565.7500 -121.7500 340.5000
v -565.7500 -119.6500 0.0000
v -565.7500 -119.6500 340.5000
v -339.4500 -121.7500 0.0000
v -339.4500 -121.7500 340.5000
v -339.4500 -119.6500 0.0000
v -339.4500 -119.6500 340.5000
v -565.7500 -121.7500 0.0000
v -339.4500 -121.7500 0.0000
v -565.7500 -121.7500 340.5000
v -339.4500 -121.7500 340.5000
v -565.7500 -119.6500 0.0000
v -339.4500 -119.6500 0.0000
v -565.7500 -119.6500 340.5000
v -339.4500 -119.6500 340.5000
v -565.7500 -121.7500 0.0000
v -565.7500 -119.6500 0.0000
v -339.4500 -121.7500 0.0000
v -339.4500 -119.6500 0.0000
v -565.7500 -121.7500 340.5000
v -565.7500 -119.6500 340.5000
v -339.4500 -121.7500 340.5000
v -339.4500 -119.6500 340.5000
f 2780 2781 2779
f 2780 2782 2781
f 2784 2783 2785
f 2784 2785 2786
f 2790 2787 2788
f 2790 2789 2787
f 2794 2792 2791
f 2794 2791 2793
f 2798 2795 2796
f 2798 2797 2795
f 2802 2800 2799
f 2802 2799 2801
o part_74_Wing_B_panel_3
usemtl solar_cell
v -792.0500 -121.7500 0.0000
v -792.0500 -121.7500 340.5000
v -792.0500 -119.6500 0.0000
v -792.0500 -119.6500 340.5000
v -565.7500 -121.7500 0.0000
v -565.7500 -121.7500 340.5000
v -565.7500 -119.6500 0.0000
v -565.7500 -119.6500 340.5000
v -792.0500 -121.7500 0.0000
v -565.7500 -121.7500 0.0000
v -792.0500 -121.7500 340.5000
v -565.7500 -121.7500 340.5000
v -792.0500 -119.6500 0.0000
v -565.7500 -119.6500 0.0000
v -792.0500 -119.6500 340.5000
v -565.7500 -119.6500 340.5000
v -792.0500 -121.7500 0.0000
v -792.0500 -119.6500 0.0000
v -565.7500 -121.7500 0.0000
v -565.7500 -119.6500 0.0000
v -792.0500 -121.7500 340.5000
v -792.0500 -119.6500 340.5000
v -565.7500 -121.7500 340.5000
v -565.7500 -119.6500 340.5000
f 2804 2805 2803
f 2804 2806 2805
f 2808 2807 2809
f 2808 2809 2810
f 2814 2811 2812
f 2814 2813 2811
f 2818 2816 2815
f 2818 2815 2817
f 2822 2819 2820
f 2822 2821 2819
f 2826 2824 2823
f 2826 2823 2825
